USE [anubisdbms]
GO
SET IDENTITY_INSERT [CAT].[Equipos] ON 
GO
INSERT [CAT].[Equipos] ([IdEquipo], [Alias], [SerieEquipo], [CodigoQR], [IdUsuario], [AplicaMonitoreo], [Activo], [FechaRegistro], [FechaModificacion], [FechaEliminacion], [UsuarioRegistro], [UsuarioModificacion], [UsuarioEliminacion]) VALUES (1, N'E1', N'SDFJASDH8343', N'R0lGODlhRAJEAvcAAAAAAAAAMwAAZgAAmQAAzAAA/wArAAArMwArZgArmQArzAAr/wBVAABVMwBVZgBVmQBVzABV/wCAAACAMwCAZgCAmQCAzACA/wCqAACqMwCqZgCqmQCqzACq/wDVAADVMwDVZgDVmQDVzADV/wD/AAD/MwD/ZgD/mQD/zAD//zMAADMAMzMAZjMAmTMAzDMA/zMrADMrMzMrZjMrmTMrzDMr/zNVADNVMzNVZjNVmTNVzDNV/zOAADOAMzOAZjOAmTOAzDOA/zOqADOqMzOqZjOqmTOqzDOq/zPVADPVMzPVZjPVmTPVzDPV/zP/ADP/MzP/ZjP/mTP/zDP//2YAAGYAM2YAZmYAmWYAzGYA/2YrAGYrM2YrZmYrmWYrzGYr/2ZVAGZVM2ZVZmZVmWZVzGZV/2aAAGaAM2aAZmaAmWaAzGaA/2aqAGaqM2aqZmaqmWaqzGaq/2bVAGbVM2bVZmbVmWbVzGbV/2b/AGb/M2b/Zmb/mWb/zGb//5kAAJkAM5kAZpkAmZkAzJkA/5krAJkrM5krZpkrmZkrzJkr/5lVAJlVM5lVZplVmZlVzJlV/5mAAJmAM5mAZpmAmZmAzJmA/5mqAJmqM5mqZpmqmZmqzJmq/5nVAJnVM5nVZpnVmZnVzJnV/5n/AJn/M5n/Zpn/mZn/zJn//8wAAMwAM8wAZswAmcwAzMwA/8wrAMwrM8wrZswrmcwrzMwr/8xVAMxVM8xVZsxVmcxVzMxV/8yAAMyAM8yAZsyAmcyAzMyA/8yqAMyqM8yqZsyqmcyqzMyq/8zVAMzVM8zVZszVmczVzMzV/8z/AMz/M8z/Zsz/mcz/zMz///8AAP8AM/8AZv8Amf8AzP8A//8rAP8rM/8rZv8rmf8rzP8r//9VAP9VM/9VZv9Vmf9VzP9V//+AAP+AM/+AZv+Amf+AzP+A//+qAP+qM/+qZv+qmf+qzP+q///VAP/VM//VZv/Vmf/VzP/V////AP//M///Zv//mf//zP///wAAAAAAAAAAAAAAACH5BAEAAPwALAAAAABEAkQCAAirAPcJHEiwoMGDCBMqXMiwocOHECNKnEixosWLGDNq3Mixo8ePIEOKHEmypMmTKFOqXMmypcuXMGPKnEmzps2bOHPq3Mmzp8+fQIMKHUq0qNGjSJMqXcq0qdOnUKNKnUq1qtWrWLNq3cq1q9evYMOKHUu2rNmzaNOqXcu2rdu3cOPKnUu3rt27ePPq3cu3r9+/gAMLHky4sOHDiBMrXsy4sePHkCNLnky5suXLRpgza97MubPnz6BDix5NurTp06hTq17NurXr17Bjy55Nu7bt27hz697Nu7fv38CDCx9OvLjx48iTK1/OvLnz59CjS59Ovbo59evYs2vfzr279+/gw4sfT768+fPo06tfz769+/fw48ufT7++/fv48+vfz7+///8ABijggAQWaOCBMwgmqOCCDDbo4IMQRijhhBRWaOGFGGao4YYcdujhhyCGKOKIJJZo4okopqjiiiy26OKLMP/iBcCMNNZo44045qjjjjz26OOPQAZZI0VCFmkjVEYmqeSSTDbJI2hORinllFQeOVGVOyKJ5ZZcdqkjlF6GKSaWRI4JgJZmpqlmkWCu6eabX15pJppw1llnm3bmuWaZY9Kp559i4gnooFzyGehThCZa6GeKNkqloWH66eikSQpK6aVBQuqlpJh2+iSjnobao6ZdcirqqTNaiiqqpC7q1Kqw0qhqrJ62uqWptGI6a66X2komoryeumuwjvpaJa7ENjpssoka+yiwzOoKarS9ytkntNROumy2ejo7JbLcdjttuIp6KyW45N45brqDmhsluuy6uW28e1p76Kv0trtuvnYGuuskvPxe+utZpWMRrFO1EhkclsKcMfyVwzYhHBHEXVGMmcVbYSyTxBBpnJXHlIF8lcgucfwQyVWhDJnKU7GskskOuRyVzIzRjG2mO8HckM34srnvj2TxXJLODAnNlNGHIa2U0iERvRDTSEE9mNRGUd2R0wpZTZTWf3EtlNcZYZ0Q2ECRvZfZPqFdkdgIqc2T23fBfbCRb1Pq75AF0/2zj0HrPbe29uIsltx1EY6T4SfbHTiQffs8sN8LQ3644glL/rDlmiEeMeY1sX2Q5p1zfrHoGZO+MeUTm/6x6iGzPrLrJaPeMewp076y7S3j/rLsiTseue8N6z6z8Ch5bhDoNCH//5bMxhekfNbCMx897zETv5j0gFcO/E3YC3m3rIs3Gz7fe486vr7ae5/z9NtX3/7O1MP//ujzPx1/0dab1L3gqdcPffb9U9/j/De2+9mPgDDZH+PO96n0KYuBWSpfAwP4QAcu8G8CpOAFNQg0CIrLgh0cYAZnB0ASjpB77Duh+1Qov2J5MEfzwtH36gVC8mGQfybEYe9YiL8S7lCHmUthBTlow5woMIRENF8N0ZfECQYPgZ8z4P94OJMjFjGHG8Si+JboxM1YkYlavCIKoXg8IWbxh+V6oQwlGEEu/mmGZ1ofGZ1nRiSGEYxotKMX60goONZtjgT5YhdXOMQ7DjIzjYJ8oxpv9EcqThGILYRkD13oxjiJUJIHpGQT22hEPipxk5YEZZ78yMZQGlKRlYShHB1ZQEAOJJEfFOUaL3lGQqYxlbPspCsFAktV4lJdv7QSLfVoyy3KkpGrxOQjaxlJZk6ykHkUYxB3uY/mBTJ/Q/PkIZ/pzExCs5jSRKQ2UXlMYeqSlW0bpymjiUdwfv/yieiMog/duc2P9PJcizTnKWO5T1925p7ALCfe9KfOb+VzoAKV10HBN8xwctOY/cwlSQD6r4WmyqJqImVD38lOQGk0m9RM00cjGlCS6nOPIZViK+OpEYo2aaQdJadJEQpPZa70m80kZtMKis9g0jSm/ASqP2vazWVCVKgSHYlLmQRTesoUqcjcaD2N2keMFo+n77IqRkWqValycqYK9SlDQcpSOgosoRcVKw3RGkevrtOpQYXrUJWK1Yqqta1s5epdYxjVvM6pq2S1aTrPCta0+pWwUD3pNMt6zXnm1KH2rOtLAVvYjFIWpYx9pUoHm1mLLHVJTX1sO0U71cp81rJvez3JaU8LR72yla+KJe1T5ZpUkaxWsmOtrGsrC9uf0rakifXtTlOK2N/G9qFVTa1b52rcN4UWJLclbmeruVl5TrdmuF0rb1WbXSU915u3fG0pmSvbuJaXvNDtLmu3+lfl/lO97RUvQaUbqcs2N6zy/30vfcO73bvuNri5BbBhdRvf/up3utbU7H6Pet8BCxivBC7ueWsrzgUnN78RvheGH9zaAnN4vBRG7mhFXFrO4pTEX/2wfz3cYAhjVrDWPTF4dYpi89YYvTOGLFVHnGOOLhbGZXTsjUPcY4/ad8J9zXB93UtUGhd5tkg+7pNtPGUc77jEMeavig8MZLNq0sBK3tSRh5zkB/+3xb0NcIvPHGXhkhlO371yitfM4jarucIIrm6Q8yzkKhNZzm+1s3a33GQd31TLaGavhN/sZj+Xmc6LdrSULRNdDYPZzHVm9J017WBIW5rQLy7qoRksaBd7eskbTvSKIw1oK5sWvqwetXahTYzoUsdZ1jxu9Z9fbeFc4xrLe5axrh9ta0V/WtVcFjWtSc1pU5eazc2+9bIvfOkfKzvLzJZ0o4cN5zFre9PfHjSyC+3jZ2c63M5uNrTRLW1sUxvU1nYyt53r7Xnjt9rFXvWx851sef8aytE2NqrxHXB9Dxze53juMlUqnax2W+V5bYF4AmHNLIfXjprYxfjNrh3sgE3634HmisTXMvLY9drjFl84NhFT8pYwnFgpz53GFdNylrw8WDGXSs3PsvPdnTxgOR/ezBPT85TcnFdBBxix6Xfdjft72h5PN7vzNnSWr3wpR89V0p0+68kU/ao/59fWe9Z0ml99aRRveL1XV/WknT0pWafV2JvydaqXne5ph/nasVL3wb09annH+d5f13bD9D2wHPdy1LcNclfz/e9Tg3zVAo/0wT9c8oE5/EQpr3XLX/zuVi883Dkvd8+rXPSE0Txdw56vuR8N8/6AWXy/TK9gPtte9uJOOO7Xbe9O85vg6N79ZJcr/GPRnpfd7XDxVe+V5aM21b9HuLqdD/uuUT/WUAe24hPf2Ntf31X9/r7xmSz9qRtc/Nq/HfrBD/zeS939yl9/+h8jf/aXH/7Hp279xx/+/TM1/+t1fv7HeK0zgD0FfQWHgMFngLtWgAw4fAqIf+R3ag/4frxWgaAFgMkncBWYZhi4dOYXgY3XgO72gdxHfyboXRrIeiTYcSl4go7xggEogtk3Z+Zmgh4og0E3g2H2gDn4gju4gQLIgD+YgkHIgiDofkAIYjL4cTUYciHYfiPYhATodVSocLWHhciHhE5YglfYglgx0khaGIbrwXxkqBtmeIa4kYZqaBts2Ia08YZwKBtyOIewUYd26Bp4mIessYd8qBp++IeoEYiCaBqEWIikcYiIKBqKuIg56Ijv0YiQ2H/zN4nbIYmWGG9d+5eJa/OFTzcUasN7MYGJv+OJldgToXhup4N6l2GKmxgUqYh9L0GKYOGK5QZ4rKiE1ddSuxgZtniKYgiDnSiLJgd6ofaLVfg1vdh9B7c5uXiByNiFyviMT2hQNySMRYiDXHeLkUWMLreMKBiNSVgUsbhvyQOOMSiO47g16Kh/5lhF7Zhx6ghuk0eNXsh/k2OPkjGP0giL7SiKE6ePvsiP9EiO/6iKoxiP10OQvoeLxkiBn1iMY5iNH6h0/YgRADmLCml2DGmRyRg2CBmQD6l76uiRBckRGSmR2MiEX2iSDdmN77iKI8l0/OiSFoiSIamRAql+BGmTYBeTCbmTtKORkmmRLcGYbdJBlGhhlMlUa9ShlDxHLUf5btYBlWbBlNeIlNFhlWWBleckbFuZk2rhlfn4ZdfBlY1TcU2pldCBlnandllJldXhln4XLVPpa20plkUplWspl0+pl0vJl3GJl89Bl6UIl1/plNNhmLUomInJloUJmFFpl31JmM7BmJdDmYNpZNqBmc3nmGUJlnnpjYGpmY/pl4spmVcJmmNkllWpml3Jms7omnMJm2mJmKGpmP++wYOrN5PwKJRbCJTVeIBSOIhCiHgR6Y/A6Y7NeIPel5yJeJybt5w/OZEcCJ1ZKGYT2Bq8aVsbiZyviJGwyZW0mJnPGZ4XoYjl2JzTx4UfGZ3ueZIboZ4HSZrZWSr594j5uZ+baYPpZZ/ByZ5R+BrdOVy+KZPWOYTcqIvx+ZKAKJ29maCnuaBXM54WSp0L2aA3OZ/fOZ0HOoV2dVjnSaHGqaHVuZL9CYUeQZ4X+qEOOIbriaITCozXiZ4Bqp00eBoF+p8uqpM96oL2B5E2ypwySm6nGKPYmTb1KZz3+Czb2YcQ6p0YOl8/un34qaBH2qFuZ6LcNaXgSaIcCqBEeqVFOWqIUWqgEpqbSTqMTAqkt8KflOifAyqlVWpzSyqgDDqiNEp869ikjhemdboSSBqkzgmjWmp4Z8qjadqaiyqkYOqmv/Kk8K1ohF0aqJ6lZ1a6eBS5eye6pp2KmnmKm8dIhJXaqGiqmyCaLpuKe5/6qN/YZ6Gqd3yKfq26p1/KmSIqqppogLUqpwiKqsMZL6sqe72qokFJm+2plrMqfsX6pyoJmZAKdCzJrKVapBEKrH5KL8OqqdXqqd0KqqlKLtsadc0KhnYKq+EaLuOKct/qqueKrAtomkbqf+Xap88KrsHKLusqrVRqqoqKrdEqdtP6ffV6kYKKqczIqgN7fQX7ngeLrvmqqgtLfQ0rn/dqmZlKrhPrfBXroMcqmtkqrBu7fB27oReLqz1YectKsO1qqx4KsgHbetsDwrFwmrJv2q84CiA0K6krirDpaZuRSLI1i2liGn/+eh47W6YgCbGAiqf5kbTF2bQAu7RtWh9Qe38VyrS8WLRBW3yuR7RVK55c6x5XO27XCq1U67T4UbbRR6cwm7Y5+x9sm4AvO7ViG7bzMbdzeqpoe7dqex96K4G3CnAw+bf2EbjparJw27c/O7btgbgRa7GLi69SS6Y6K7Q8m7Xw2rOOyx6QG7IGe6laO7k3GyCfG7Pm2ribq7mGa7WYq7R+a7eq27r0cboZ67JgS7uzG7f+YbsJ661Yio9nS6i1cxh3wuu2ssuJdbumCSa6q6u8Rkd6x8u3lAu9OMu8Puu8b2u9w+uu91m9pIuy3Puqekq4nPu847u8Q9q8bLq96Vu4wsi+Rsu771uy82u53Su+9Wu/NVq66oux+8u68Zu97Zu8ARy+vpq4nlmo9HvA+ZvAkZt7/8q4Dhy72Du6Fgy+FYzAxhrBz/e/+rvB1Ou9N0rBBWzCIryC6Lu1K5zCu3vBLZzBAOzCRxjDL6zBNKzC7qu9BueMHAzpsR5cw0dbj3jLiD8sxAPspWpKvKvxw4r7u+ubqKXTuaMajUgMw0NskFS8q8h4xVGsxIzawE18xDqcxJaKikC7sk3oxSQ8pkNqk+X5mR1ZxlhsrWi3xSQpjmycpWA8m7prxHOcuUE8tHdcxKHhxHsMwaDrsDqXxnFqi4ncwYssuadnyPu6f5HsrLeryJeHxzQ5j5mcuiX8xtsYqbGByHT8xWd8l6Z8h2QsyJMMxLH8xDJnySOrjbCMuva6yZLcybasxjqYym0cxwwMvI/siqG8y1DcxnB8qIWByrnMy5q8zLhbyH//fMjOfI4auqNTbMjE7JBZzI7bLMVawaJ9HBffvLfJaqjnrM3enM3LA8+/Wsf4a7Zy/M7tHM/5PM+qfM3pHKv0TMocucqVycf4TNApao2wG44IPaOcLM3EibWPJ6b/rMUNvcTD3KLhDIoabcfPLM8fa8b+DNIiOdL7HHEk7aPsfNAbPY0s7dGpl9In+9DUPL10a54mfdFzUdGDHLy9DNHKXMs53dJ9wdOzfL/9DNNHYc46LRdGrcuh68b+K9GE99LGHHpNHTrjzKV1adUCTXQyTb4rPdRKTcRkfdVbmtXuPNZiLLiNSdFhXZpq/Zvl66QL3chwfdJs8dRAHdVMTdRlEdPRaI2oeq3SIt3WiXubiN3T/8csylIdwjdtz1p9xtzs1gQqvXYdtVDNyNG7nJWd2LNhvJlN1ZtNyQ9L2eQM2nSI2Qqt2X3N2fx7vUkd0Mw8sUg91ZId2ZMN2N+b0Vx9yqwd0bmtznTN26Ps23U9zUMZ3FkVzTX90+9q3I9N071t0NItj2xtwp9d0mWt2nc93dC93Fvt1ch93YTctuit21A63mc9218NwtTNw7Rt3d39ooet3anN3YOd3sRt2XrI3CHq2s+t3D6H2r8t4OKd3LPn3NUd351t4Aoe1MddzXlc3ga83Ya93+rd397tyuy92Ed93hP83qT92qY94Q6unz7d2iU+4I4d24Mb3igu4+BN4ELY/OH1zN/+vdv1HeIMPuM2ruK5CuKlLctFTssFLt0YfuRxCOAQiOBA/uItm+LCTN8aPqk4zsQ7vuH8XNs/XuOOzdf/lZzdOBzlEg7mZ37bkA2/OQ4cos3iw73lbK6yMQ7nwfHmwq3jHf7AsFKyYj6ZEd5tXz6onSfbuH3nTv5/g36nslrnee7miZ6Bi+7ZsjnCrTwceN7c303opWfoly4cmR7gLd7gNK7m5ivAbf4bof7ko27mUW3qVHa+19zkWX7oXL7nyCt4nm7Tqh7pKjjpEK6rls7ru+nrS27iRs7Bq+Lncc3QZD7Drs7ZnB4rzF7Y+2js+e3jji4sUz7aoI7tB97qJ0zn8O3tiF7rn67njF3uy97tdg7p6E7suK7ulUvufP7uvR7v5n7r637vrOLuj57vgU5vwK7klT7iti7wz77mCXLe8Khu77mu5f+9seqKvunZzuRVLu+jOfD3Ju7H7uJnTvHJzhwi/+sWH+5xPu/r3ONoCO4cP/KkbuMfH/Nh7sjEUfIzH+0njuZ+ffHIbvLYgfM+D/I9j/L0fuR/rhdCb/T8ru1QzvPSbvOY7vIL7+A5D/U7X/LcsfQvj+RYD/M6D/Zf7/Vaf4lUf9/ubeHzbfW+vvVnv/Y0fvVyL/Xfru/47vD9nvJ5f/Q/n/R5wfVVH/dDT/Mh3/Zmb/cBj/dO7/GDH/ZAf5Zvn/ZWLvlsz/TxOtcPivia/vRzb/kATeJ13/V/jfZqT/mCr/mvfhyAT/qTX/qu3/qwr/GRifqsrveLb/sYX/BE3hwKqw/3Mt/4Y5/Mov/+mtYu1qzvxLI/06WeoZgf0r6P/JsfxlcuGH7f+3pc0FQ+0Oad0DUP/bMO8GnO/Nvv0Kfv/ane5RQe08Uf3cdv/sPP49Ofec2e5O3v/hWP0ekfeet/2oFv/wABQOBAggUNAtiXUOFChg0dPoQYkeFBigUlXsSYUeNGjh09fpxYUSRIkiVNRhQ50mNKli1dvoQZU+ZMmjUJnsQJkWZOnj19/tS4E+hQokI72kSaVOlSpk0tEj1pFOpUqlUlSrWalSPWoE69fgUbNqnWlTPJnkX7k2tatgrXYhQbV+5cum3hmrWbV+/Ft3u19r1KV/BgwjX9PgR8WPHZxIuL4j1aWPJjZMpPHSdsfFnz0MybeXZuWFn0aMGeQXtGbfJ0apKr3ZKGHdupacisbft0fXtr7Y2yff82vDm3buKIeRfPORz4cuYsactEHh3kcOk6j2dsnl37wOcxq3/vCh181Ot3t58H3h3m/3j21tG/T5mVelnxVZWXbp8fLXz+FeWXB2q+yOrbrS79DvyvPwW5s0rAAr1rEMDADESwQqgWxBChCAmcysHeJEQJPwtHVCtDBROE0D4Qe7qPQhJfxMnEEzdMkSoPw6vxQxdh5HE6GflDcT0ahVSRQxzl6jFJH398L8iXnHQJypY+GkxJKx9kcjspnRvyyS6jpG+uK8c0L0stv5wSTS6LzPHIuMiE0z0ztdsyPjXtZJNILN+Ms8+F5jyvTpXy9JJQMAcU009FAT3T0DQdXdPGFY3bUVEyGaXzzkElNfKxTstE0tI+Mc1OUP80PRVSPPcUS9RRSWXOVIpkPYhWg6gU0TzVMWGNFdVZfa0V2FvDDFXXXXlNT1jLOG3T02ZB5dPYK5FNVtVNO5w0uWxDy1XaJKn9zdZlsf00wG1DqtRiW3XXZbddd9+FN15556W3XnvvxTdfffflt19//wU4YIEHJrhggw9GOGGFF2a4YYcfhjhiiSemuGKLL8Y4Y4035rhjjz8GOWSRRya5ZJNPRjlllVdmuWWXX4Y5Zplnprlmm29FxjlnnXfmuWeffwY6aKGHJrpoo49GOmmll2a6aaefhjpqqaemumqrr8Y6a6235rprr78GO2yxxya7bLPPRjtttddmu223N9+GO26556a7brvvxjtvvffmu2+//wY8cMEHJ7xwww9HPHHFF2e8cccfhzxyySenvHLLL8c8c80zN+e8c88/Bz100UcnvXTTT0c9ddVXZ71111+HPXbZZ6e9dttvxz133XfnvXfffwee5oAAADs=', N'2', 0, 1, CAST(N'2020-04-17T13:38:56.173' AS DateTime), NULL, NULL, N'dev@test.com', NULL, NULL)
GO
SET IDENTITY_INSERT [CAT].[Equipos] OFF
GO
SET IDENTITY_INSERT [CAT].[TipoSensores] ON 
GO
INSERT [CAT].[TipoSensores] ([IdTipoSensor], [NombreTipoSensor], [Min_TipoSensor], [Max_TipoSensor], [UnidadSensor], [Activo], [FechaRegistro], [FechaModificacion], [FechaEliminacion], [UsuarioRegistro], [UsuarioModificacion], [UsuarioEliminacion]) VALUES (1, N'TERMÓMETRO', 20, 85, NULL, 1, CAST(N'2020-04-17T13:34:07.467' AS DateTime), CAST(N'2020-04-17T13:37:53.907' AS DateTime), NULL, N'dev@test.com', N'dev@test.com', NULL)
GO
INSERT [CAT].[TipoSensores] ([IdTipoSensor], [NombreTipoSensor], [Min_TipoSensor], [Max_TipoSensor], [UnidadSensor], [Activo], [FechaRegistro], [FechaModificacion], [FechaEliminacion], [UsuarioRegistro], [UsuarioModificacion], [UsuarioEliminacion]) VALUES (2, N'RADIACION', 50, 80, NULL, 1, CAST(N'2020-04-17T13:34:32.530' AS DateTime), CAST(N'2020-04-17T13:37:58.083' AS DateTime), NULL, N'dev@test.com', N'dev@test.com', NULL)
GO
INSERT [CAT].[TipoSensores] ([IdTipoSensor], [NombreTipoSensor], [Min_TipoSensor], [Max_TipoSensor], [UnidadSensor], [Activo], [FechaRegistro], [FechaModificacion], [FechaEliminacion], [UsuarioRegistro], [UsuarioModificacion], [UsuarioEliminacion]) VALUES (3, N'PROFUNDIDAD', 20, 60, NULL, 1, CAST(N'2020-04-17T13:34:42.607' AS DateTime), CAST(N'2020-04-17T13:38:01.390' AS DateTime), NULL, N'dev@test.com', N'dev@test.com', NULL)
GO
SET IDENTITY_INSERT [CAT].[TipoSensores] OFF
GO
SET IDENTITY_INSERT [CAT].[Sensores] ON 
GO
INSERT [CAT].[Sensores] ([IdSensor], [IdTipoSensor], [FechaConsulta], [SerieSensor], [Max], [Min], [Activo], [FechaRegistro], [FechaModificacion], [FechaEliminacion], [UsuarioRegistro], [UsuarioModificacion], [UsuarioEliminacion]) VALUES (1, 1, NULL, N'HAU3R7J3IDF72K3', 80, 20, 1, CAST(N'2020-04-17T13:34:54.673' AS DateTime), NULL, NULL, N'dev@test.com', NULL, NULL)
GO
INSERT [CAT].[Sensores] ([IdSensor], [IdTipoSensor], [FechaConsulta], [SerieSensor], [Max], [Min], [Activo], [FechaRegistro], [FechaModificacion], [FechaEliminacion], [UsuarioRegistro], [UsuarioModificacion], [UsuarioEliminacion]) VALUES (2, 2, NULL, N'WIEFW74JF3U3JK3', 90, 20, 1, CAST(N'2020-04-17T13:37:09.520' AS DateTime), NULL, NULL, N'dev@test.com', NULL, NULL)
GO
INSERT [CAT].[Sensores] ([IdSensor], [IdTipoSensor], [FechaConsulta], [SerieSensor], [Max], [Min], [Activo], [FechaRegistro], [FechaModificacion], [FechaEliminacion], [UsuarioRegistro], [UsuarioModificacion], [UsuarioEliminacion]) VALUES (3, 3, NULL, N'AD23D28UDI22FED', 40, 10, 1, CAST(N'2020-04-17T13:37:28.097' AS DateTime), NULL, NULL, N'dev@test.com', NULL, NULL)
GO
INSERT [CAT].[Sensores] ([IdSensor], [IdTipoSensor], [FechaConsulta], [SerieSensor], [Max], [Min], [Activo], [FechaRegistro], [FechaModificacion], [FechaEliminacion], [UsuarioRegistro], [UsuarioModificacion], [UsuarioEliminacion]) VALUES (4, 2, NULL, N'W4F3O3F83HOI33', 50, 40, 1, CAST(N'2020-04-17T13:37:40.550' AS DateTime), NULL, NULL, N'dev@test.com', NULL, NULL)
GO
SET IDENTITY_INSERT [CAT].[Sensores] OFF
GO
SET IDENTITY_INSERT [MON].[EquipoSensores] ON 
GO
INSERT [MON].[EquipoSensores] ([IdEquipoSensor], [IdEquipo], [IdSensor], [NumeroPuerto], [Activo], [FechaRegistro], [FechaModificacion], [FechaEliminacion], [UsuarioRegistro], [UsuarioModificacion], [UsuarioEliminacion]) VALUES (1, 1, 3, 1, 1, CAST(N'2020-04-17T13:39:10.390' AS DateTime), NULL, NULL, N'dev@test.com', NULL, NULL)
GO
INSERT [MON].[EquipoSensores] ([IdEquipoSensor], [IdEquipo], [IdSensor], [NumeroPuerto], [Activo], [FechaRegistro], [FechaModificacion], [FechaEliminacion], [UsuarioRegistro], [UsuarioModificacion], [UsuarioEliminacion]) VALUES (2, 1, 4, 2, 1, CAST(N'2020-04-17T13:39:13.983' AS DateTime), NULL, NULL, N'dev@test.com', NULL, NULL)
GO
INSERT [MON].[EquipoSensores] ([IdEquipoSensor], [IdEquipo], [IdSensor], [NumeroPuerto], [Activo], [FechaRegistro], [FechaModificacion], [FechaEliminacion], [UsuarioRegistro], [UsuarioModificacion], [UsuarioEliminacion]) VALUES (3, 1, 2, 6, 1, CAST(N'2020-04-17T13:39:18.403' AS DateTime), NULL, NULL, N'dev@test.com', NULL, NULL)
GO
INSERT [MON].[EquipoSensores] ([IdEquipoSensor], [IdEquipo], [IdSensor], [NumeroPuerto], [Activo], [FechaRegistro], [FechaModificacion], [FechaEliminacion], [UsuarioRegistro], [UsuarioModificacion], [UsuarioEliminacion]) VALUES (4, 1, 1, 8, 1, CAST(N'2020-04-17T13:39:22.083' AS DateTime), NULL, NULL, N'dev@test.com', NULL, NULL)
GO
SET IDENTITY_INSERT [MON].[EquipoSensores] OFF
GO
SET IDENTITY_INSERT [CAT].[Estado] ON 
GO
INSERT [CAT].[Estado] ([IdEstado], [NombreEstado], [EstiloCss], [TipoEstado], [Activo], [FechaRegistro], [FechaModificacion], [FechaEliminacion], [UsuarioRegistro], [UsuarioModificacion], [UsuarioEliminacion]) VALUES (1, N'Inspeccionado', N'positive', N'Monitoreo', 1, CAST(N'2020-04-17T13:30:12.817' AS DateTime), NULL, NULL, N'System', NULL, NULL)
GO
INSERT [CAT].[Estado] ([IdEstado], [NombreEstado], [EstiloCss], [TipoEstado], [Activo], [FechaRegistro], [FechaModificacion], [FechaEliminacion], [UsuarioRegistro], [UsuarioModificacion], [UsuarioEliminacion]) VALUES (2, N'Pendiente', N'negative', N'Monitoreo', 1, CAST(N'2020-04-17T13:30:12.817' AS DateTime), NULL, NULL, N'System', NULL, NULL)
GO
INSERT [CAT].[Estado] ([IdEstado], [NombreEstado], [EstiloCss], [TipoEstado], [Activo], [FechaRegistro], [FechaModificacion], [FechaEliminacion], [UsuarioRegistro], [UsuarioModificacion], [UsuarioEliminacion]) VALUES (3, N'Sin Servicio', N'negative', N'Monitoreo', 1, CAST(N'2020-04-17T13:30:12.817' AS DateTime), NULL, NULL, N'System', NULL, NULL)
GO
INSERT [CAT].[Estado] ([IdEstado], [NombreEstado], [EstiloCss], [TipoEstado], [Activo], [FechaRegistro], [FechaModificacion], [FechaEliminacion], [UsuarioRegistro], [UsuarioModificacion], [UsuarioEliminacion]) VALUES (4, N'Pendiente', N'warning', N'Mantenimiento', 1, CAST(N'2020-04-17T13:30:12.817' AS DateTime), NULL, NULL, N'System', NULL, NULL)
GO
INSERT [CAT].[Estado] ([IdEstado], [NombreEstado], [EstiloCss], [TipoEstado], [Activo], [FechaRegistro], [FechaModificacion], [FechaEliminacion], [UsuarioRegistro], [UsuarioModificacion], [UsuarioEliminacion]) VALUES (5, N'Completado', N'positive', N'Mantenimiento', 1, CAST(N'2020-04-17T13:30:12.817' AS DateTime), NULL, NULL, N'System', NULL, NULL)
GO
INSERT [CAT].[Estado] ([IdEstado], [NombreEstado], [EstiloCss], [TipoEstado], [Activo], [FechaRegistro], [FechaModificacion], [FechaEliminacion], [UsuarioRegistro], [UsuarioModificacion], [UsuarioEliminacion]) VALUES (6, N'Sin Servicio', N'negative', N'Mantenimiento', 1, CAST(N'2020-04-17T13:30:12.817' AS DateTime), NULL, NULL, N'System', NULL, NULL)
GO
SET IDENTITY_INSERT [CAT].[Estado] OFF
GO
SET IDENTITY_INSERT [CAT].[Frecuencias] ON 
GO
INSERT [CAT].[Frecuencias] ([IdFrecuencia], [NombreFrecuencia], [DiasFrecuencia], [Activo], [FechaRegistro], [FechaModificacion], [FechaEliminacion], [UsuarioRegistro], [UsuarioModificacion], [UsuarioEliminacion]) VALUES (1, N'Anual', 365, 1, CAST(N'2020-04-17T13:30:12.860' AS DateTime), NULL, NULL, N'System', NULL, NULL)
GO
INSERT [CAT].[Frecuencias] ([IdFrecuencia], [NombreFrecuencia], [DiasFrecuencia], [Activo], [FechaRegistro], [FechaModificacion], [FechaEliminacion], [UsuarioRegistro], [UsuarioModificacion], [UsuarioEliminacion]) VALUES (2, N'Mensual', 31, 1, CAST(N'2020-04-17T13:30:12.860' AS DateTime), NULL, NULL, N'System', NULL, NULL)
GO
INSERT [CAT].[Frecuencias] ([IdFrecuencia], [NombreFrecuencia], [DiasFrecuencia], [Activo], [FechaRegistro], [FechaModificacion], [FechaEliminacion], [UsuarioRegistro], [UsuarioModificacion], [UsuarioEliminacion]) VALUES (3, N'Quincenal', 15, 1, CAST(N'2020-04-17T13:30:12.860' AS DateTime), NULL, NULL, N'System', NULL, NULL)
GO
SET IDENTITY_INSERT [CAT].[Frecuencias] OFF
GO
SET IDENTITY_INSERT [CAT].[Tecnicos] ON 
GO
INSERT [CAT].[Tecnicos] ([IdTecnico], [NombreTecnico], [CelularTecnico], [CorreoTecnico], [Cedula], [Activo], [FechaRegistro], [FechaModificacion], [FechaEliminacion], [UsuarioRegistro], [UsuarioModificacion], [UsuarioEliminacion]) VALUES (1, N'TENCICO1', N'489090/8', N'tec', N'09954959509', 1, CAST(N'2020-04-17T13:38:45.033' AS DateTime), NULL, NULL, N'dev@test.com', NULL, NULL)
GO
SET IDENTITY_INSERT [CAT].[Tecnicos] OFF
GO
SET IDENTITY_INSERT [MON].[DataSensores] ON 
GO
INSERT [MON].[DataSensores] ([IdDataSensor], [SerieSensor], [TipoSensor], [Medida], [UnidadMedida], [Chequeado], [Error], [EncimaNormal], [DebajoNormal], [Notificado], [Activo], [FechaRegistro], [FechaModificacion], [FechaEliminacion], [UsuarioRegistro], [UsuarioModificacion], [UsuarioEliminacion]) VALUES (1, N'W4F3O3F83HOI33', NULL, 28.423961945401484, N'C', 0, 0, 0, 0, 0, 1, CAST(N'2020-03-10T00:00:00.000' AS DateTime), NULL, NULL, N'System', NULL, NULL)
GO
INSERT [MON].[DataSensores] ([IdDataSensor], [SerieSensor], [TipoSensor], [Medida], [UnidadMedida], [Chequeado], [Error], [EncimaNormal], [DebajoNormal], [Notificado], [Activo], [FechaRegistro], [FechaModificacion], [FechaEliminacion], [UsuarioRegistro], [UsuarioModificacion], [UsuarioEliminacion]) VALUES (2, N'WIEFW74JF3U3JK3', NULL, 7.8991418064567913, N'C', 0, 0, 0, 0, 0, 1, CAST(N'2019-04-30T00:00:00.000' AS DateTime), NULL, NULL, N'System', NULL, NULL)
GO
INSERT [MON].[DataSensores] ([IdDataSensor], [SerieSensor], [TipoSensor], [Medida], [UnidadMedida], [Chequeado], [Error], [EncimaNormal], [DebajoNormal], [Notificado], [Activo], [FechaRegistro], [FechaModificacion], [FechaEliminacion], [UsuarioRegistro], [UsuarioModificacion], [UsuarioEliminacion]) VALUES (3, N'W4F3O3F83HOI33', NULL, 30.869915980272886, N'C', 0, 0, 0, 0, 0, 1, CAST(N'2020-04-16T00:00:00.000' AS DateTime), NULL, NULL, N'System', NULL, NULL)
GO
INSERT [MON].[DataSensores] ([IdDataSensor], [SerieSensor], [TipoSensor], [Medida], [UnidadMedida], [Chequeado], [Error], [EncimaNormal], [DebajoNormal], [Notificado], [Activo], [FechaRegistro], [FechaModificacion], [FechaEliminacion], [UsuarioRegistro], [UsuarioModificacion], [UsuarioEliminacion]) VALUES (4, N'W4F3O3F83HOI33', NULL, 29.079898053863968, N'C', 0, 0, 0, 0, 0, 1, CAST(N'2020-03-20T00:00:00.000' AS DateTime), NULL, NULL, N'System', NULL, NULL)
GO
INSERT [MON].[DataSensores] ([IdDataSensor], [SerieSensor], [TipoSensor], [Medida], [UnidadMedida], [Chequeado], [Error], [EncimaNormal], [DebajoNormal], [Notificado], [Activo], [FechaRegistro], [FechaModificacion], [FechaEliminacion], [UsuarioRegistro], [UsuarioModificacion], [UsuarioEliminacion]) VALUES (5, N'WIEFW74JF3U3JK3', NULL, 10.082990047700232, N'C', 0, 0, 0, 0, 0, 1, CAST(N'2019-06-02T00:00:00.000' AS DateTime), NULL, NULL, N'System', NULL, NULL)
GO
INSERT [MON].[DataSensores] ([IdDataSensor], [SerieSensor], [TipoSensor], [Medida], [UnidadMedida], [Chequeado], [Error], [EncimaNormal], [DebajoNormal], [Notificado], [Activo], [FechaRegistro], [FechaModificacion], [FechaEliminacion], [UsuarioRegistro], [UsuarioModificacion], [UsuarioEliminacion]) VALUES (6, N'W4F3O3F83HOI33', NULL, 29.568507022535663, N'C', 0, 0, 0, 0, 0, 1, CAST(N'2020-03-27T00:00:00.000' AS DateTime), NULL, NULL, N'System', NULL, NULL)
GO
INSERT [MON].[DataSensores] ([IdDataSensor], [SerieSensor], [TipoSensor], [Medida], [UnidadMedida], [Chequeado], [Error], [EncimaNormal], [DebajoNormal], [Notificado], [Activo], [FechaRegistro], [FechaModificacion], [FechaEliminacion], [UsuarioRegistro], [UsuarioModificacion], [UsuarioEliminacion]) VALUES (7, N'HAU3R7J3IDF72K3', NULL, 1.2991104714568287, N'C', 0, 0, 0, 0, 0, 1, CAST(N'2019-01-19T00:00:00.000' AS DateTime), NULL, NULL, N'System', NULL, NULL)
GO
INSERT [MON].[DataSensores] ([IdDataSensor], [SerieSensor], [TipoSensor], [Medida], [UnidadMedida], [Chequeado], [Error], [EncimaNormal], [DebajoNormal], [Notificado], [Activo], [FechaRegistro], [FechaModificacion], [FechaEliminacion], [UsuarioRegistro], [UsuarioModificacion], [UsuarioEliminacion]) VALUES (8, N'AD23D28UDI22FED', NULL, 18.127447640349828, N'C', 0, 0, 0, 0, 0, 1, CAST(N'2019-10-04T00:00:00.000' AS DateTime), NULL, NULL, N'System', NULL, NULL)
GO
INSERT [MON].[DataSensores] ([IdDataSensor], [SerieSensor], [TipoSensor], [Medida], [UnidadMedida], [Chequeado], [Error], [EncimaNormal], [DebajoNormal], [Notificado], [Activo], [FechaRegistro], [FechaModificacion], [FechaEliminacion], [UsuarioRegistro], [UsuarioModificacion], [UsuarioEliminacion]) VALUES (9, N'W4F3O3F83HOI33', NULL, 28.535710359567641, N'C', 0, 0, 0, 0, 0, 1, CAST(N'2020-03-11T00:00:00.000' AS DateTime), NULL, NULL, N'System', NULL, NULL)
GO
INSERT [MON].[DataSensores] ([IdDataSensor], [SerieSensor], [TipoSensor], [Medida], [UnidadMedida], [Chequeado], [Error], [EncimaNormal], [DebajoNormal], [Notificado], [Activo], [FechaRegistro], [FechaModificacion], [FechaEliminacion], [UsuarioRegistro], [UsuarioModificacion], [UsuarioEliminacion]) VALUES (10, N'HAU3R7J3IDF72K3', NULL, 6.5073766496066821, N'C', 0, 0, 0, 0, 0, 1, CAST(N'2019-04-09T00:00:00.000' AS DateTime), NULL, NULL, N'System', NULL, NULL)
GO
INSERT [MON].[DataSensores] ([IdDataSensor], [SerieSensor], [TipoSensor], [Medida], [UnidadMedida], [Chequeado], [Error], [EncimaNormal], [DebajoNormal], [Notificado], [Activo], [FechaRegistro], [FechaModificacion], [FechaEliminacion], [UsuarioRegistro], [UsuarioModificacion], [UsuarioEliminacion]) VALUES (11, N'AD23D28UDI22FED', NULL, 22.517795841590406, N'C', 0, 0, 0, 0, 0, 1, CAST(N'2019-12-10T00:00:00.000' AS DateTime), NULL, NULL, N'System', NULL, NULL)
GO
INSERT [MON].[DataSensores] ([IdDataSensor], [SerieSensor], [TipoSensor], [Medida], [UnidadMedida], [Chequeado], [Error], [EncimaNormal], [DebajoNormal], [Notificado], [Activo], [FechaRegistro], [FechaModificacion], [FechaEliminacion], [UsuarioRegistro], [UsuarioModificacion], [UsuarioEliminacion]) VALUES (12, N'W4F3O3F83HOI33', NULL, 29.181796832700162, N'C', 0, 0, 0, 0, 0, 1, CAST(N'2020-03-21T00:00:00.000' AS DateTime), NULL, NULL, N'System', NULL, NULL)
GO
INSERT [MON].[DataSensores] ([IdDataSensor], [SerieSensor], [TipoSensor], [Medida], [UnidadMedida], [Chequeado], [Error], [EncimaNormal], [DebajoNormal], [Notificado], [Activo], [FechaRegistro], [FechaModificacion], [FechaEliminacion], [UsuarioRegistro], [UsuarioModificacion], [UsuarioEliminacion]) VALUES (13, N'AD23D28UDI22FED', NULL, 22.805345282287028, N'C', 0, 0, 0, 0, 0, 1, CAST(N'2019-12-14T00:00:00.000' AS DateTime), NULL, NULL, N'System', NULL, NULL)
GO
INSERT [MON].[DataSensores] ([IdDataSensor], [SerieSensor], [TipoSensor], [Medida], [UnidadMedida], [Chequeado], [Error], [EncimaNormal], [DebajoNormal], [Notificado], [Activo], [FechaRegistro], [FechaModificacion], [FechaEliminacion], [UsuarioRegistro], [UsuarioModificacion], [UsuarioEliminacion]) VALUES (14, N'HAU3R7J3IDF72K3', NULL, 2.8109377966778992, N'C', 0, 0, 0, 0, 0, 1, CAST(N'2019-02-11T00:00:00.000' AS DateTime), NULL, NULL, N'System', NULL, NULL)
GO
INSERT [MON].[DataSensores] ([IdDataSensor], [SerieSensor], [TipoSensor], [Medida], [UnidadMedida], [Chequeado], [Error], [EncimaNormal], [DebajoNormal], [Notificado], [Activo], [FechaRegistro], [FechaModificacion], [FechaEliminacion], [UsuarioRegistro], [UsuarioModificacion], [UsuarioEliminacion]) VALUES (15, N'W4F3O3F83HOI33', NULL, 26.284162901613936, N'C', 0, 0, 0, 0, 0, 1, CAST(N'2020-02-06T00:00:00.000' AS DateTime), NULL, NULL, N'System', NULL, NULL)
GO
INSERT [MON].[DataSensores] ([IdDataSensor], [SerieSensor], [TipoSensor], [Medida], [UnidadMedida], [Chequeado], [Error], [EncimaNormal], [DebajoNormal], [Notificado], [Activo], [FechaRegistro], [FechaModificacion], [FechaEliminacion], [UsuarioRegistro], [UsuarioModificacion], [UsuarioEliminacion]) VALUES (16, N'HAU3R7J3IDF72K3', NULL, 2.8782304216074897, N'C', 0, 0, 0, 0, 0, 1, CAST(N'2019-02-12T00:00:00.000' AS DateTime), NULL, NULL, N'System', NULL, NULL)
GO
INSERT [MON].[DataSensores] ([IdDataSensor], [SerieSensor], [TipoSensor], [Medida], [UnidadMedida], [Chequeado], [Error], [EncimaNormal], [DebajoNormal], [Notificado], [Activo], [FechaRegistro], [FechaModificacion], [FechaEliminacion], [UsuarioRegistro], [UsuarioModificacion], [UsuarioEliminacion]) VALUES (17, N'AD23D28UDI22FED', NULL, 21.524893349141298, N'C', 0, 0, 0, 0, 0, 1, CAST(N'2019-11-25T00:00:00.000' AS DateTime), NULL, NULL, N'System', NULL, NULL)
GO
INSERT [MON].[DataSensores] ([IdDataSensor], [SerieSensor], [TipoSensor], [Medida], [UnidadMedida], [Chequeado], [Error], [EncimaNormal], [DebajoNormal], [Notificado], [Activo], [FechaRegistro], [FechaModificacion], [FechaEliminacion], [UsuarioRegistro], [UsuarioModificacion], [UsuarioEliminacion]) VALUES (18, N'HAU3R7J3IDF72K3', NULL, 2.0903235191434262, N'C', 0, 0, 0, 0, 0, 1, CAST(N'2019-01-31T00:00:00.000' AS DateTime), NULL, NULL, N'System', NULL, NULL)
GO
INSERT [MON].[DataSensores] ([IdDataSensor], [SerieSensor], [TipoSensor], [Medida], [UnidadMedida], [Chequeado], [Error], [EncimaNormal], [DebajoNormal], [Notificado], [Activo], [FechaRegistro], [FechaModificacion], [FechaEliminacion], [UsuarioRegistro], [UsuarioModificacion], [UsuarioEliminacion]) VALUES (19, N'AD23D28UDI22FED', NULL, 18.020820742249871, N'C', 0, 0, 0, 0, 0, 1, CAST(N'2019-10-02T00:00:00.000' AS DateTime), NULL, NULL, N'System', NULL, NULL)
GO
INSERT [MON].[DataSensores] ([IdDataSensor], [SerieSensor], [TipoSensor], [Medida], [UnidadMedida], [Chequeado], [Error], [EncimaNormal], [DebajoNormal], [Notificado], [Activo], [FechaRegistro], [FechaModificacion], [FechaEliminacion], [UsuarioRegistro], [UsuarioModificacion], [UsuarioEliminacion]) VALUES (20, N'HAU3R7J3IDF72K3', NULL, 2.5333407543754856, N'C', 0, 0, 0, 0, 0, 1, CAST(N'2019-02-07T00:00:00.000' AS DateTime), NULL, NULL, N'System', NULL, NULL)
GO
INSERT [MON].[DataSensores] ([IdDataSensor], [SerieSensor], [TipoSensor], [Medida], [UnidadMedida], [Chequeado], [Error], [EncimaNormal], [DebajoNormal], [Notificado], [Activo], [FechaRegistro], [FechaModificacion], [FechaEliminacion], [UsuarioRegistro], [UsuarioModificacion], [UsuarioEliminacion]) VALUES (21, N'W4F3O3F83HOI33', NULL, 27.582453599144916, N'C', 0, 0, 0, 0, 0, 1, CAST(N'2020-02-26T00:00:00.000' AS DateTime), NULL, NULL, N'System', NULL, NULL)
GO
INSERT [MON].[DataSensores] ([IdDataSensor], [SerieSensor], [TipoSensor], [Medida], [UnidadMedida], [Chequeado], [Error], [EncimaNormal], [DebajoNormal], [Notificado], [Activo], [FechaRegistro], [FechaModificacion], [FechaEliminacion], [UsuarioRegistro], [UsuarioModificacion], [UsuarioEliminacion]) VALUES (22, N'AD23D28UDI22FED', NULL, 17.473704078315617, N'C', 0, 0, 0, 0, 0, 1, CAST(N'2019-09-24T00:00:00.000' AS DateTime), NULL, NULL, N'System', NULL, NULL)
GO
INSERT [MON].[DataSensores] ([IdDataSensor], [SerieSensor], [TipoSensor], [Medida], [UnidadMedida], [Chequeado], [Error], [EncimaNormal], [DebajoNormal], [Notificado], [Activo], [FechaRegistro], [FechaModificacion], [FechaEliminacion], [UsuarioRegistro], [UsuarioModificacion], [UsuarioEliminacion]) VALUES (23, N'WIEFW74JF3U3JK3', NULL, 8.89844219963925, N'C', 0, 0, 0, 0, 0, 1, CAST(N'2019-05-15T00:00:00.000' AS DateTime), NULL, NULL, N'System', NULL, NULL)
GO
INSERT [MON].[DataSensores] ([IdDataSensor], [SerieSensor], [TipoSensor], [Medida], [UnidadMedida], [Chequeado], [Error], [EncimaNormal], [DebajoNormal], [Notificado], [Activo], [FechaRegistro], [FechaModificacion], [FechaEliminacion], [UsuarioRegistro], [UsuarioModificacion], [UsuarioEliminacion]) VALUES (24, N'AD23D28UDI22FED', NULL, 17.697858317754164, N'C', 0, 0, 0, 0, 0, 1, CAST(N'2019-09-27T00:00:00.000' AS DateTime), NULL, NULL, N'System', NULL, NULL)
GO
INSERT [MON].[DataSensores] ([IdDataSensor], [SerieSensor], [TipoSensor], [Medida], [UnidadMedida], [Chequeado], [Error], [EncimaNormal], [DebajoNormal], [Notificado], [Activo], [FechaRegistro], [FechaModificacion], [FechaEliminacion], [UsuarioRegistro], [UsuarioModificacion], [UsuarioEliminacion]) VALUES (25, N'HAU3R7J3IDF72K3', NULL, 4.6142800694863677, N'C', 0, 0, 0, 0, 0, 1, CAST(N'2019-03-11T00:00:00.000' AS DateTime), NULL, NULL, N'System', NULL, NULL)
GO
INSERT [MON].[DataSensores] ([IdDataSensor], [SerieSensor], [TipoSensor], [Medida], [UnidadMedida], [Chequeado], [Error], [EncimaNormal], [DebajoNormal], [Notificado], [Activo], [FechaRegistro], [FechaModificacion], [FechaEliminacion], [UsuarioRegistro], [UsuarioModificacion], [UsuarioEliminacion]) VALUES (26, N'W4F3O3F83HOI33', NULL, 23.938365721999837, N'C', 0, 0, 0, 0, 0, 1, CAST(N'2020-01-01T00:00:00.000' AS DateTime), NULL, NULL, N'System', NULL, NULL)
GO
INSERT [MON].[DataSensores] ([IdDataSensor], [SerieSensor], [TipoSensor], [Medida], [UnidadMedida], [Chequeado], [Error], [EncimaNormal], [DebajoNormal], [Notificado], [Activo], [FechaRegistro], [FechaModificacion], [FechaEliminacion], [UsuarioRegistro], [UsuarioModificacion], [UsuarioEliminacion]) VALUES (27, N'HAU3R7J3IDF72K3', NULL, 2.06128455603555, N'C', 0, 0, 0, 0, 0, 1, CAST(N'2019-01-31T00:00:00.000' AS DateTime), NULL, NULL, N'System', NULL, NULL)
GO
INSERT [MON].[DataSensores] ([IdDataSensor], [SerieSensor], [TipoSensor], [Medida], [UnidadMedida], [Chequeado], [Error], [EncimaNormal], [DebajoNormal], [Notificado], [Activo], [FechaRegistro], [FechaModificacion], [FechaEliminacion], [UsuarioRegistro], [UsuarioModificacion], [UsuarioEliminacion]) VALUES (28, N'HAU3R7J3IDF72K3', NULL, 2.1771429621042415, N'C', 0, 0, 0, 0, 0, 1, CAST(N'2019-02-01T00:00:00.000' AS DateTime), NULL, NULL, N'System', NULL, NULL)
GO
INSERT [MON].[DataSensores] ([IdDataSensor], [SerieSensor], [TipoSensor], [Medida], [UnidadMedida], [Chequeado], [Error], [EncimaNormal], [DebajoNormal], [Notificado], [Activo], [FechaRegistro], [FechaModificacion], [FechaEliminacion], [UsuarioRegistro], [UsuarioModificacion], [UsuarioEliminacion]) VALUES (29, N'HAU3R7J3IDF72K3', NULL, 2.8438779411576118, N'C', 0, 0, 0, 0, 0, 1, CAST(N'2019-02-12T00:00:00.000' AS DateTime), NULL, NULL, N'System', NULL, NULL)
GO
INSERT [MON].[DataSensores] ([IdDataSensor], [SerieSensor], [TipoSensor], [Medida], [UnidadMedida], [Chequeado], [Error], [EncimaNormal], [DebajoNormal], [Notificado], [Activo], [FechaRegistro], [FechaModificacion], [FechaEliminacion], [UsuarioRegistro], [UsuarioModificacion], [UsuarioEliminacion]) VALUES (30, N'WIEFW74JF3U3JK3', NULL, 10.129636906101199, N'C', 0, 0, 0, 0, 0, 1, CAST(N'2019-06-03T00:00:00.000' AS DateTime), NULL, NULL, N'System', NULL, NULL)
GO
INSERT [MON].[DataSensores] ([IdDataSensor], [SerieSensor], [TipoSensor], [Medida], [UnidadMedida], [Chequeado], [Error], [EncimaNormal], [DebajoNormal], [Notificado], [Activo], [FechaRegistro], [FechaModificacion], [FechaEliminacion], [UsuarioRegistro], [UsuarioModificacion], [UsuarioEliminacion]) VALUES (31, N'WIEFW74JF3U3JK3', NULL, 8.1943101710147719, N'C', 0, 0, 0, 0, 0, 1, CAST(N'2019-05-05T00:00:00.000' AS DateTime), NULL, NULL, N'System', NULL, NULL)
GO
INSERT [MON].[DataSensores] ([IdDataSensor], [SerieSensor], [TipoSensor], [Medida], [UnidadMedida], [Chequeado], [Error], [EncimaNormal], [DebajoNormal], [Notificado], [Activo], [FechaRegistro], [FechaModificacion], [FechaEliminacion], [UsuarioRegistro], [UsuarioModificacion], [UsuarioEliminacion]) VALUES (32, N'W4F3O3F83HOI33', NULL, 24.012230507429795, N'C', 0, 0, 0, 0, 0, 1, CAST(N'2020-01-02T00:00:00.000' AS DateTime), NULL, NULL, N'System', NULL, NULL)
GO
INSERT [MON].[DataSensores] ([IdDataSensor], [SerieSensor], [TipoSensor], [Medida], [UnidadMedida], [Chequeado], [Error], [EncimaNormal], [DebajoNormal], [Notificado], [Activo], [FechaRegistro], [FechaModificacion], [FechaEliminacion], [UsuarioRegistro], [UsuarioModificacion], [UsuarioEliminacion]) VALUES (33, N'AD23D28UDI22FED', NULL, 16.315774732369825, N'C', 0, 0, 0, 0, 0, 1, CAST(N'2019-09-06T00:00:00.000' AS DateTime), NULL, NULL, N'System', NULL, NULL)
GO
INSERT [MON].[DataSensores] ([IdDataSensor], [SerieSensor], [TipoSensor], [Medida], [UnidadMedida], [Chequeado], [Error], [EncimaNormal], [DebajoNormal], [Notificado], [Activo], [FechaRegistro], [FechaModificacion], [FechaEliminacion], [UsuarioRegistro], [UsuarioModificacion], [UsuarioEliminacion]) VALUES (34, N'AD23D28UDI22FED', NULL, 18.108200168613436, N'C', 0, 0, 0, 0, 0, 1, CAST(N'2019-10-03T00:00:00.000' AS DateTime), NULL, NULL, N'System', NULL, NULL)
GO
INSERT [MON].[DataSensores] ([IdDataSensor], [SerieSensor], [TipoSensor], [Medida], [UnidadMedida], [Chequeado], [Error], [EncimaNormal], [DebajoNormal], [Notificado], [Activo], [FechaRegistro], [FechaModificacion], [FechaEliminacion], [UsuarioRegistro], [UsuarioModificacion], [UsuarioEliminacion]) VALUES (35, N'WIEFW74JF3U3JK3', NULL, 11.546094901415563, N'C', 0, 0, 0, 0, 0, 1, CAST(N'2019-06-25T00:00:00.000' AS DateTime), NULL, NULL, N'System', NULL, NULL)
GO
INSERT [MON].[DataSensores] ([IdDataSensor], [SerieSensor], [TipoSensor], [Medida], [UnidadMedida], [Chequeado], [Error], [EncimaNormal], [DebajoNormal], [Notificado], [Activo], [FechaRegistro], [FechaModificacion], [FechaEliminacion], [UsuarioRegistro], [UsuarioModificacion], [UsuarioEliminacion]) VALUES (36, N'HAU3R7J3IDF72K3', NULL, 1.9955315269043348, N'C', 0, 0, 0, 0, 0, 1, CAST(N'2019-01-30T00:00:00.000' AS DateTime), NULL, NULL, N'System', NULL, NULL)
GO
INSERT [MON].[DataSensores] ([IdDataSensor], [SerieSensor], [TipoSensor], [Medida], [UnidadMedida], [Chequeado], [Error], [EncimaNormal], [DebajoNormal], [Notificado], [Activo], [FechaRegistro], [FechaModificacion], [FechaEliminacion], [UsuarioRegistro], [UsuarioModificacion], [UsuarioEliminacion]) VALUES (37, N'AD23D28UDI22FED', NULL, 18.127588970040712, N'C', 0, 0, 0, 0, 0, 1, CAST(N'2019-10-04T00:00:00.000' AS DateTime), NULL, NULL, N'System', NULL, NULL)
GO
INSERT [MON].[DataSensores] ([IdDataSensor], [SerieSensor], [TipoSensor], [Medida], [UnidadMedida], [Chequeado], [Error], [EncimaNormal], [DebajoNormal], [Notificado], [Activo], [FechaRegistro], [FechaModificacion], [FechaEliminacion], [UsuarioRegistro], [UsuarioModificacion], [UsuarioEliminacion]) VALUES (38, N'W4F3O3F83HOI33', NULL, 23.687810052180573, N'C', 0, 0, 0, 0, 0, 1, CAST(N'2019-12-28T00:00:00.000' AS DateTime), NULL, NULL, N'System', NULL, NULL)
GO
INSERT [MON].[DataSensores] ([IdDataSensor], [SerieSensor], [TipoSensor], [Medida], [UnidadMedida], [Chequeado], [Error], [EncimaNormal], [DebajoNormal], [Notificado], [Activo], [FechaRegistro], [FechaModificacion], [FechaEliminacion], [UsuarioRegistro], [UsuarioModificacion], [UsuarioEliminacion]) VALUES (39, N'HAU3R7J3IDF72K3', NULL, 0.56844795982746776, N'C', 0, 0, 0, 0, 0, 1, CAST(N'2019-01-08T00:00:00.000' AS DateTime), NULL, NULL, N'System', NULL, NULL)
GO
INSERT [MON].[DataSensores] ([IdDataSensor], [SerieSensor], [TipoSensor], [Medida], [UnidadMedida], [Chequeado], [Error], [EncimaNormal], [DebajoNormal], [Notificado], [Activo], [FechaRegistro], [FechaModificacion], [FechaEliminacion], [UsuarioRegistro], [UsuarioModificacion], [UsuarioEliminacion]) VALUES (40, N'HAU3R7J3IDF72K3', NULL, 3.2307504292255032, N'C', 0, 0, 0, 0, 0, 1, CAST(N'2019-02-17T00:00:00.000' AS DateTime), NULL, NULL, N'System', NULL, NULL)
GO
INSERT [MON].[DataSensores] ([IdDataSensor], [SerieSensor], [TipoSensor], [Medida], [UnidadMedida], [Chequeado], [Error], [EncimaNormal], [DebajoNormal], [Notificado], [Activo], [FechaRegistro], [FechaModificacion], [FechaEliminacion], [UsuarioRegistro], [UsuarioModificacion], [UsuarioEliminacion]) VALUES (41, N'HAU3R7J3IDF72K3', NULL, 6.2674486311932318, N'C', 0, 0, 0, 0, 0, 1, CAST(N'2019-04-05T00:00:00.000' AS DateTime), NULL, NULL, N'System', NULL, NULL)
GO
INSERT [MON].[DataSensores] ([IdDataSensor], [SerieSensor], [TipoSensor], [Medida], [UnidadMedida], [Chequeado], [Error], [EncimaNormal], [DebajoNormal], [Notificado], [Activo], [FechaRegistro], [FechaModificacion], [FechaEliminacion], [UsuarioRegistro], [UsuarioModificacion], [UsuarioEliminacion]) VALUES (42, N'WIEFW74JF3U3JK3', NULL, 14.591606430938281, N'C', 0, 0, 0, 0, 0, 1, CAST(N'2019-08-11T00:00:00.000' AS DateTime), NULL, NULL, N'System', NULL, NULL)
GO
INSERT [MON].[DataSensores] ([IdDataSensor], [SerieSensor], [TipoSensor], [Medida], [UnidadMedida], [Chequeado], [Error], [EncimaNormal], [DebajoNormal], [Notificado], [Activo], [FechaRegistro], [FechaModificacion], [FechaEliminacion], [UsuarioRegistro], [UsuarioModificacion], [UsuarioEliminacion]) VALUES (43, N'AD23D28UDI22FED', NULL, 22.332493727948744, N'C', 0, 0, 0, 0, 0, 1, CAST(N'2019-12-07T00:00:00.000' AS DateTime), NULL, NULL, N'System', NULL, NULL)
GO
INSERT [MON].[DataSensores] ([IdDataSensor], [SerieSensor], [TipoSensor], [Medida], [UnidadMedida], [Chequeado], [Error], [EncimaNormal], [DebajoNormal], [Notificado], [Activo], [FechaRegistro], [FechaModificacion], [FechaEliminacion], [UsuarioRegistro], [UsuarioModificacion], [UsuarioEliminacion]) VALUES (44, N'HAU3R7J3IDF72K3', NULL, 4.610253908722779, N'C', 0, 0, 0, 0, 0, 1, CAST(N'2019-03-11T00:00:00.000' AS DateTime), NULL, NULL, N'System', NULL, NULL)
GO
INSERT [MON].[DataSensores] ([IdDataSensor], [SerieSensor], [TipoSensor], [Medida], [UnidadMedida], [Chequeado], [Error], [EncimaNormal], [DebajoNormal], [Notificado], [Activo], [FechaRegistro], [FechaModificacion], [FechaEliminacion], [UsuarioRegistro], [UsuarioModificacion], [UsuarioEliminacion]) VALUES (45, N'AD23D28UDI22FED', NULL, 16.055408295036948, N'C', 0, 0, 0, 0, 0, 1, CAST(N'2019-09-02T00:00:00.000' AS DateTime), NULL, NULL, N'System', NULL, NULL)
GO
INSERT [MON].[DataSensores] ([IdDataSensor], [SerieSensor], [TipoSensor], [Medida], [UnidadMedida], [Chequeado], [Error], [EncimaNormal], [DebajoNormal], [Notificado], [Activo], [FechaRegistro], [FechaModificacion], [FechaEliminacion], [UsuarioRegistro], [UsuarioModificacion], [UsuarioEliminacion]) VALUES (46, N'AD23D28UDI22FED', NULL, 22.504630336912641, N'C', 0, 0, 0, 0, 0, 1, CAST(N'2019-12-10T00:00:00.000' AS DateTime), NULL, NULL, N'System', NULL, NULL)
GO
INSERT [MON].[DataSensores] ([IdDataSensor], [SerieSensor], [TipoSensor], [Medida], [UnidadMedida], [Chequeado], [Error], [EncimaNormal], [DebajoNormal], [Notificado], [Activo], [FechaRegistro], [FechaModificacion], [FechaEliminacion], [UsuarioRegistro], [UsuarioModificacion], [UsuarioEliminacion]) VALUES (47, N'AD23D28UDI22FED', NULL, 15.943269295172424, N'C', 0, 0, 0, 0, 0, 1, CAST(N'2019-08-31T00:00:00.000' AS DateTime), NULL, NULL, N'System', NULL, NULL)
GO
INSERT [MON].[DataSensores] ([IdDataSensor], [SerieSensor], [TipoSensor], [Medida], [UnidadMedida], [Chequeado], [Error], [EncimaNormal], [DebajoNormal], [Notificado], [Activo], [FechaRegistro], [FechaModificacion], [FechaEliminacion], [UsuarioRegistro], [UsuarioModificacion], [UsuarioEliminacion]) VALUES (48, N'W4F3O3F83HOI33', NULL, 29.416037428246828, N'C', 0, 0, 0, 0, 0, 1, CAST(N'2020-03-25T00:00:00.000' AS DateTime), NULL, NULL, N'System', NULL, NULL)
GO
INSERT [MON].[DataSensores] ([IdDataSensor], [SerieSensor], [TipoSensor], [Medida], [UnidadMedida], [Chequeado], [Error], [EncimaNormal], [DebajoNormal], [Notificado], [Activo], [FechaRegistro], [FechaModificacion], [FechaEliminacion], [UsuarioRegistro], [UsuarioModificacion], [UsuarioEliminacion]) VALUES (49, N'W4F3O3F83HOI33', NULL, 29.16973997869982, N'C', 0, 0, 0, 0, 0, 1, CAST(N'2020-03-21T00:00:00.000' AS DateTime), NULL, NULL, N'System', NULL, NULL)
GO
INSERT [MON].[DataSensores] ([IdDataSensor], [SerieSensor], [TipoSensor], [Medida], [UnidadMedida], [Chequeado], [Error], [EncimaNormal], [DebajoNormal], [Notificado], [Activo], [FechaRegistro], [FechaModificacion], [FechaEliminacion], [UsuarioRegistro], [UsuarioModificacion], [UsuarioEliminacion]) VALUES (50, N'HAU3R7J3IDF72K3', NULL, 6.2359852629415613, N'C', 0, 0, 0, 0, 0, 1, CAST(N'2019-04-05T00:00:00.000' AS DateTime), NULL, NULL, N'System', NULL, NULL)
GO
INSERT [MON].[DataSensores] ([IdDataSensor], [SerieSensor], [TipoSensor], [Medida], [UnidadMedida], [Chequeado], [Error], [EncimaNormal], [DebajoNormal], [Notificado], [Activo], [FechaRegistro], [FechaModificacion], [FechaEliminacion], [UsuarioRegistro], [UsuarioModificacion], [UsuarioEliminacion]) VALUES (51, N'WIEFW74JF3U3JK3', NULL, 12.962730326160196, N'C', 0, 0, 0, 0, 0, 1, CAST(N'2019-07-17T00:00:00.000' AS DateTime), NULL, NULL, N'System', NULL, NULL)
GO
INSERT [MON].[DataSensores] ([IdDataSensor], [SerieSensor], [TipoSensor], [Medida], [UnidadMedida], [Chequeado], [Error], [EncimaNormal], [DebajoNormal], [Notificado], [Activo], [FechaRegistro], [FechaModificacion], [FechaEliminacion], [UsuarioRegistro], [UsuarioModificacion], [UsuarioEliminacion]) VALUES (52, N'W4F3O3F83HOI33', NULL, 27.023690330294745, N'C', 0, 0, 0, 0, 0, 1, CAST(N'2020-02-17T00:00:00.000' AS DateTime), NULL, NULL, N'System', NULL, NULL)
GO
INSERT [MON].[DataSensores] ([IdDataSensor], [SerieSensor], [TipoSensor], [Medida], [UnidadMedida], [Chequeado], [Error], [EncimaNormal], [DebajoNormal], [Notificado], [Activo], [FechaRegistro], [FechaModificacion], [FechaEliminacion], [UsuarioRegistro], [UsuarioModificacion], [UsuarioEliminacion]) VALUES (53, N'WIEFW74JF3U3JK3', NULL, 13.751623868780035, N'C', 0, 0, 0, 0, 0, 1, CAST(N'2019-07-29T00:00:00.000' AS DateTime), NULL, NULL, N'System', NULL, NULL)
GO
INSERT [MON].[DataSensores] ([IdDataSensor], [SerieSensor], [TipoSensor], [Medida], [UnidadMedida], [Chequeado], [Error], [EncimaNormal], [DebajoNormal], [Notificado], [Activo], [FechaRegistro], [FechaModificacion], [FechaEliminacion], [UsuarioRegistro], [UsuarioModificacion], [UsuarioEliminacion]) VALUES (54, N'HAU3R7J3IDF72K3', NULL, 1.6654489774096053, N'C', 0, 0, 0, 0, 0, 1, CAST(N'2019-01-24T00:00:00.000' AS DateTime), NULL, NULL, N'System', NULL, NULL)
GO
INSERT [MON].[DataSensores] ([IdDataSensor], [SerieSensor], [TipoSensor], [Medida], [UnidadMedida], [Chequeado], [Error], [EncimaNormal], [DebajoNormal], [Notificado], [Activo], [FechaRegistro], [FechaModificacion], [FechaEliminacion], [UsuarioRegistro], [UsuarioModificacion], [UsuarioEliminacion]) VALUES (55, N'HAU3R7J3IDF72K3', NULL, 0.36895179295397906, N'C', 0, 0, 0, 0, 0, 1, CAST(N'2019-01-05T00:00:00.000' AS DateTime), NULL, NULL, N'System', NULL, NULL)
GO
INSERT [MON].[DataSensores] ([IdDataSensor], [SerieSensor], [TipoSensor], [Medida], [UnidadMedida], [Chequeado], [Error], [EncimaNormal], [DebajoNormal], [Notificado], [Activo], [FechaRegistro], [FechaModificacion], [FechaEliminacion], [UsuarioRegistro], [UsuarioModificacion], [UsuarioEliminacion]) VALUES (56, N'WIEFW74JF3U3JK3', NULL, 11.050257867085866, N'C', 0, 0, 0, 0, 0, 1, CAST(N'2019-06-17T00:00:00.000' AS DateTime), NULL, NULL, N'System', NULL, NULL)
GO
INSERT [MON].[DataSensores] ([IdDataSensor], [SerieSensor], [TipoSensor], [Medida], [UnidadMedida], [Chequeado], [Error], [EncimaNormal], [DebajoNormal], [Notificado], [Activo], [FechaRegistro], [FechaModificacion], [FechaEliminacion], [UsuarioRegistro], [UsuarioModificacion], [UsuarioEliminacion]) VALUES (57, N'W4F3O3F83HOI33', NULL, 29.900699606817543, N'C', 0, 0, 0, 0, 0, 1, CAST(N'2020-04-01T00:00:00.000' AS DateTime), NULL, NULL, N'System', NULL, NULL)
GO
INSERT [MON].[DataSensores] ([IdDataSensor], [SerieSensor], [TipoSensor], [Medida], [UnidadMedida], [Chequeado], [Error], [EncimaNormal], [DebajoNormal], [Notificado], [Activo], [FechaRegistro], [FechaModificacion], [FechaEliminacion], [UsuarioRegistro], [UsuarioModificacion], [UsuarioEliminacion]) VALUES (58, N'WIEFW74JF3U3JK3', NULL, 13.272057662518719, N'C', 0, 0, 0, 0, 0, 1, CAST(N'2019-07-21T00:00:00.000' AS DateTime), NULL, NULL, N'System', NULL, NULL)
GO
INSERT [MON].[DataSensores] ([IdDataSensor], [SerieSensor], [TipoSensor], [Medida], [UnidadMedida], [Chequeado], [Error], [EncimaNormal], [DebajoNormal], [Notificado], [Activo], [FechaRegistro], [FechaModificacion], [FechaEliminacion], [UsuarioRegistro], [UsuarioModificacion], [UsuarioEliminacion]) VALUES (59, N'W4F3O3F83HOI33', NULL, 24.5656179843776, N'C', 0, 0, 0, 0, 0, 1, CAST(N'2020-01-10T00:00:00.000' AS DateTime), NULL, NULL, N'System', NULL, NULL)
GO
INSERT [MON].[DataSensores] ([IdDataSensor], [SerieSensor], [TipoSensor], [Medida], [UnidadMedida], [Chequeado], [Error], [EncimaNormal], [DebajoNormal], [Notificado], [Activo], [FechaRegistro], [FechaModificacion], [FechaEliminacion], [UsuarioRegistro], [UsuarioModificacion], [UsuarioEliminacion]) VALUES (60, N'AD23D28UDI22FED', NULL, 17.044624325700394, N'C', 0, 0, 0, 0, 0, 1, CAST(N'2019-09-17T00:00:00.000' AS DateTime), NULL, NULL, N'System', NULL, NULL)
GO
INSERT [MON].[DataSensores] ([IdDataSensor], [SerieSensor], [TipoSensor], [Medida], [UnidadMedida], [Chequeado], [Error], [EncimaNormal], [DebajoNormal], [Notificado], [Activo], [FechaRegistro], [FechaModificacion], [FechaEliminacion], [UsuarioRegistro], [UsuarioModificacion], [UsuarioEliminacion]) VALUES (61, N'W4F3O3F83HOI33', NULL, 27.607222466500115, N'C', 0, 0, 0, 0, 0, 1, CAST(N'2020-02-26T00:00:00.000' AS DateTime), NULL, NULL, N'System', NULL, NULL)
GO
INSERT [MON].[DataSensores] ([IdDataSensor], [SerieSensor], [TipoSensor], [Medida], [UnidadMedida], [Chequeado], [Error], [EncimaNormal], [DebajoNormal], [Notificado], [Activo], [FechaRegistro], [FechaModificacion], [FechaEliminacion], [UsuarioRegistro], [UsuarioModificacion], [UsuarioEliminacion]) VALUES (62, N'W4F3O3F83HOI33', NULL, 30.021967509352585, N'C', 0, 0, 0, 0, 0, 1, CAST(N'2020-04-03T00:00:00.000' AS DateTime), NULL, NULL, N'System', NULL, NULL)
GO
INSERT [MON].[DataSensores] ([IdDataSensor], [SerieSensor], [TipoSensor], [Medida], [UnidadMedida], [Chequeado], [Error], [EncimaNormal], [DebajoNormal], [Notificado], [Activo], [FechaRegistro], [FechaModificacion], [FechaEliminacion], [UsuarioRegistro], [UsuarioModificacion], [UsuarioEliminacion]) VALUES (63, N'WIEFW74JF3U3JK3', NULL, 15.383569699192217, N'C', 0, 0, 0, 0, 0, 1, CAST(N'2019-08-23T00:00:00.000' AS DateTime), NULL, NULL, N'System', NULL, NULL)
GO
INSERT [MON].[DataSensores] ([IdDataSensor], [SerieSensor], [TipoSensor], [Medida], [UnidadMedida], [Chequeado], [Error], [EncimaNormal], [DebajoNormal], [Notificado], [Activo], [FechaRegistro], [FechaModificacion], [FechaEliminacion], [UsuarioRegistro], [UsuarioModificacion], [UsuarioEliminacion]) VALUES (64, N'AD23D28UDI22FED', NULL, 18.506073453466442, N'C', 0, 0, 0, 0, 0, 1, CAST(N'2019-10-10T00:00:00.000' AS DateTime), NULL, NULL, N'System', NULL, NULL)
GO
INSERT [MON].[DataSensores] ([IdDataSensor], [SerieSensor], [TipoSensor], [Medida], [UnidadMedida], [Chequeado], [Error], [EncimaNormal], [DebajoNormal], [Notificado], [Activo], [FechaRegistro], [FechaModificacion], [FechaEliminacion], [UsuarioRegistro], [UsuarioModificacion], [UsuarioEliminacion]) VALUES (65, N'W4F3O3F83HOI33', NULL, 29.213066478591909, N'C', 0, 0, 0, 0, 0, 1, CAST(N'2020-03-22T00:00:00.000' AS DateTime), NULL, NULL, N'System', NULL, NULL)
GO
INSERT [MON].[DataSensores] ([IdDataSensor], [SerieSensor], [TipoSensor], [Medida], [UnidadMedida], [Chequeado], [Error], [EncimaNormal], [DebajoNormal], [Notificado], [Activo], [FechaRegistro], [FechaModificacion], [FechaEliminacion], [UsuarioRegistro], [UsuarioModificacion], [UsuarioEliminacion]) VALUES (66, N'W4F3O3F83HOI33', NULL, 29.40556533416061, N'C', 0, 0, 0, 0, 0, 1, CAST(N'2020-03-25T00:00:00.000' AS DateTime), NULL, NULL, N'System', NULL, NULL)
GO
INSERT [MON].[DataSensores] ([IdDataSensor], [SerieSensor], [TipoSensor], [Medida], [UnidadMedida], [Chequeado], [Error], [EncimaNormal], [DebajoNormal], [Notificado], [Activo], [FechaRegistro], [FechaModificacion], [FechaEliminacion], [UsuarioRegistro], [UsuarioModificacion], [UsuarioEliminacion]) VALUES (67, N'WIEFW74JF3U3JK3', NULL, 12.966022100330338, N'C', 0, 0, 0, 0, 0, 1, CAST(N'2019-07-17T00:00:00.000' AS DateTime), NULL, NULL, N'System', NULL, NULL)
GO
INSERT [MON].[DataSensores] ([IdDataSensor], [SerieSensor], [TipoSensor], [Medida], [UnidadMedida], [Chequeado], [Error], [EncimaNormal], [DebajoNormal], [Notificado], [Activo], [FechaRegistro], [FechaModificacion], [FechaEliminacion], [UsuarioRegistro], [UsuarioModificacion], [UsuarioEliminacion]) VALUES (68, N'HAU3R7J3IDF72K3', NULL, 4.7971451136735928, N'C', 0, 0, 0, 0, 0, 1, CAST(N'2019-03-13T00:00:00.000' AS DateTime), NULL, NULL, N'System', NULL, NULL)
GO
INSERT [MON].[DataSensores] ([IdDataSensor], [SerieSensor], [TipoSensor], [Medida], [UnidadMedida], [Chequeado], [Error], [EncimaNormal], [DebajoNormal], [Notificado], [Activo], [FechaRegistro], [FechaModificacion], [FechaEliminacion], [UsuarioRegistro], [UsuarioModificacion], [UsuarioEliminacion]) VALUES (69, N'AD23D28UDI22FED', NULL, 22.164842895262336, N'C', 0, 0, 0, 0, 0, 1, CAST(N'2019-12-05T00:00:00.000' AS DateTime), NULL, NULL, N'System', NULL, NULL)
GO
INSERT [MON].[DataSensores] ([IdDataSensor], [SerieSensor], [TipoSensor], [Medida], [UnidadMedida], [Chequeado], [Error], [EncimaNormal], [DebajoNormal], [Notificado], [Activo], [FechaRegistro], [FechaModificacion], [FechaEliminacion], [UsuarioRegistro], [UsuarioModificacion], [UsuarioEliminacion]) VALUES (70, N'W4F3O3F83HOI33', NULL, 24.3886313747096, N'C', 0, 0, 0, 0, 0, 1, CAST(N'2020-01-08T00:00:00.000' AS DateTime), NULL, NULL, N'System', NULL, NULL)
GO
INSERT [MON].[DataSensores] ([IdDataSensor], [SerieSensor], [TipoSensor], [Medida], [UnidadMedida], [Chequeado], [Error], [EncimaNormal], [DebajoNormal], [Notificado], [Activo], [FechaRegistro], [FechaModificacion], [FechaEliminacion], [UsuarioRegistro], [UsuarioModificacion], [UsuarioEliminacion]) VALUES (71, N'AD23D28UDI22FED', NULL, 15.650641451566777, N'C', 0, 0, 0, 0, 0, 1, CAST(N'2019-08-27T00:00:00.000' AS DateTime), NULL, NULL, N'System', NULL, NULL)
GO
INSERT [MON].[DataSensores] ([IdDataSensor], [SerieSensor], [TipoSensor], [Medida], [UnidadMedida], [Chequeado], [Error], [EncimaNormal], [DebajoNormal], [Notificado], [Activo], [FechaRegistro], [FechaModificacion], [FechaEliminacion], [UsuarioRegistro], [UsuarioModificacion], [UsuarioEliminacion]) VALUES (72, N'W4F3O3F83HOI33', NULL, 28.737083296960723, N'C', 0, 0, 0, 0, 0, 1, CAST(N'2020-03-14T00:00:00.000' AS DateTime), NULL, NULL, N'System', NULL, NULL)
GO
INSERT [MON].[DataSensores] ([IdDataSensor], [SerieSensor], [TipoSensor], [Medida], [UnidadMedida], [Chequeado], [Error], [EncimaNormal], [DebajoNormal], [Notificado], [Activo], [FechaRegistro], [FechaModificacion], [FechaEliminacion], [UsuarioRegistro], [UsuarioModificacion], [UsuarioEliminacion]) VALUES (73, N'HAU3R7J3IDF72K3', NULL, 1.6218755593159588, N'C', 0, 0, 0, 0, 0, 1, CAST(N'2019-01-24T00:00:00.000' AS DateTime), NULL, NULL, N'System', NULL, NULL)
GO
INSERT [MON].[DataSensores] ([IdDataSensor], [SerieSensor], [TipoSensor], [Medida], [UnidadMedida], [Chequeado], [Error], [EncimaNormal], [DebajoNormal], [Notificado], [Activo], [FechaRegistro], [FechaModificacion], [FechaEliminacion], [UsuarioRegistro], [UsuarioModificacion], [UsuarioEliminacion]) VALUES (74, N'WIEFW74JF3U3JK3', NULL, 14.890070313024365, N'C', 0, 0, 0, 0, 0, 1, CAST(N'2019-08-15T00:00:00.000' AS DateTime), NULL, NULL, N'System', NULL, NULL)
GO
INSERT [MON].[DataSensores] ([IdDataSensor], [SerieSensor], [TipoSensor], [Medida], [UnidadMedida], [Chequeado], [Error], [EncimaNormal], [DebajoNormal], [Notificado], [Activo], [FechaRegistro], [FechaModificacion], [FechaEliminacion], [UsuarioRegistro], [UsuarioModificacion], [UsuarioEliminacion]) VALUES (75, N'W4F3O3F83HOI33', NULL, 27.165892123182253, N'C', 0, 0, 0, 0, 0, 1, CAST(N'2020-02-19T00:00:00.000' AS DateTime), NULL, NULL, N'System', NULL, NULL)
GO
INSERT [MON].[DataSensores] ([IdDataSensor], [SerieSensor], [TipoSensor], [Medida], [UnidadMedida], [Chequeado], [Error], [EncimaNormal], [DebajoNormal], [Notificado], [Activo], [FechaRegistro], [FechaModificacion], [FechaEliminacion], [UsuarioRegistro], [UsuarioModificacion], [UsuarioEliminacion]) VALUES (76, N'WIEFW74JF3U3JK3', NULL, 13.090847168206629, N'C', 0, 0, 0, 0, 0, 1, CAST(N'2019-07-19T00:00:00.000' AS DateTime), NULL, NULL, N'System', NULL, NULL)
GO
INSERT [MON].[DataSensores] ([IdDataSensor], [SerieSensor], [TipoSensor], [Medida], [UnidadMedida], [Chequeado], [Error], [EncimaNormal], [DebajoNormal], [Notificado], [Activo], [FechaRegistro], [FechaModificacion], [FechaEliminacion], [UsuarioRegistro], [UsuarioModificacion], [UsuarioEliminacion]) VALUES (77, N'W4F3O3F83HOI33', NULL, 26.041210350366871, N'C', 0, 0, 0, 0, 0, 1, CAST(N'2020-02-02T00:00:00.000' AS DateTime), NULL, NULL, N'System', NULL, NULL)
GO
INSERT [MON].[DataSensores] ([IdDataSensor], [SerieSensor], [TipoSensor], [Medida], [UnidadMedida], [Chequeado], [Error], [EncimaNormal], [DebajoNormal], [Notificado], [Activo], [FechaRegistro], [FechaModificacion], [FechaEliminacion], [UsuarioRegistro], [UsuarioModificacion], [UsuarioEliminacion]) VALUES (78, N'HAU3R7J3IDF72K3', NULL, 4.3881882909164709, N'C', 0, 0, 0, 0, 0, 1, CAST(N'2019-03-07T00:00:00.000' AS DateTime), NULL, NULL, N'System', NULL, NULL)
GO
INSERT [MON].[DataSensores] ([IdDataSensor], [SerieSensor], [TipoSensor], [Medida], [UnidadMedida], [Chequeado], [Error], [EncimaNormal], [DebajoNormal], [Notificado], [Activo], [FechaRegistro], [FechaModificacion], [FechaEliminacion], [UsuarioRegistro], [UsuarioModificacion], [UsuarioEliminacion]) VALUES (79, N'HAU3R7J3IDF72K3', NULL, 1.7424500227172159, N'C', 0, 0, 0, 0, 0, 1, CAST(N'2019-01-26T00:00:00.000' AS DateTime), NULL, NULL, N'System', NULL, NULL)
GO
INSERT [MON].[DataSensores] ([IdDataSensor], [SerieSensor], [TipoSensor], [Medida], [UnidadMedida], [Chequeado], [Error], [EncimaNormal], [DebajoNormal], [Notificado], [Activo], [FechaRegistro], [FechaModificacion], [FechaEliminacion], [UsuarioRegistro], [UsuarioModificacion], [UsuarioEliminacion]) VALUES (80, N'WIEFW74JF3U3JK3', NULL, 13.009649732573726, N'C', 0, 0, 0, 0, 0, 1, CAST(N'2019-07-17T00:00:00.000' AS DateTime), NULL, NULL, N'System', NULL, NULL)
GO
INSERT [MON].[DataSensores] ([IdDataSensor], [SerieSensor], [TipoSensor], [Medida], [UnidadMedida], [Chequeado], [Error], [EncimaNormal], [DebajoNormal], [Notificado], [Activo], [FechaRegistro], [FechaModificacion], [FechaEliminacion], [UsuarioRegistro], [UsuarioModificacion], [UsuarioEliminacion]) VALUES (81, N'WIEFW74JF3U3JK3', NULL, 8.0950964268274124, N'C', 0, 0, 0, 0, 0, 1, CAST(N'2019-05-03T00:00:00.000' AS DateTime), NULL, NULL, N'System', NULL, NULL)
GO
INSERT [MON].[DataSensores] ([IdDataSensor], [SerieSensor], [TipoSensor], [Medida], [UnidadMedida], [Chequeado], [Error], [EncimaNormal], [DebajoNormal], [Notificado], [Activo], [FechaRegistro], [FechaModificacion], [FechaEliminacion], [UsuarioRegistro], [UsuarioModificacion], [UsuarioEliminacion]) VALUES (82, N'HAU3R7J3IDF72K3', NULL, 3.5452471277887216, N'C', 0, 0, 0, 0, 0, 1, CAST(N'2019-02-22T00:00:00.000' AS DateTime), NULL, NULL, N'System', NULL, NULL)
GO
INSERT [MON].[DataSensores] ([IdDataSensor], [SerieSensor], [TipoSensor], [Medida], [UnidadMedida], [Chequeado], [Error], [EncimaNormal], [DebajoNormal], [Notificado], [Activo], [FechaRegistro], [FechaModificacion], [FechaEliminacion], [UsuarioRegistro], [UsuarioModificacion], [UsuarioEliminacion]) VALUES (83, N'HAU3R7J3IDF72K3', NULL, 3.9074029834044177, N'C', 0, 0, 0, 0, 0, 1, CAST(N'2019-02-28T00:00:00.000' AS DateTime), NULL, NULL, N'System', NULL, NULL)
GO
INSERT [MON].[DataSensores] ([IdDataSensor], [SerieSensor], [TipoSensor], [Medida], [UnidadMedida], [Chequeado], [Error], [EncimaNormal], [DebajoNormal], [Notificado], [Activo], [FechaRegistro], [FechaModificacion], [FechaEliminacion], [UsuarioRegistro], [UsuarioModificacion], [UsuarioEliminacion]) VALUES (84, N'W4F3O3F83HOI33', NULL, 27.507892678216049, N'C', 0, 0, 0, 0, 0, 1, CAST(N'2020-02-25T00:00:00.000' AS DateTime), NULL, NULL, N'System', NULL, NULL)
GO
INSERT [MON].[DataSensores] ([IdDataSensor], [SerieSensor], [TipoSensor], [Medida], [UnidadMedida], [Chequeado], [Error], [EncimaNormal], [DebajoNormal], [Notificado], [Activo], [FechaRegistro], [FechaModificacion], [FechaEliminacion], [UsuarioRegistro], [UsuarioModificacion], [UsuarioEliminacion]) VALUES (85, N'W4F3O3F83HOI33', NULL, 28.066906579941, N'C', 0, 0, 0, 0, 0, 1, CAST(N'2020-03-04T00:00:00.000' AS DateTime), NULL, NULL, N'System', NULL, NULL)
GO
INSERT [MON].[DataSensores] ([IdDataSensor], [SerieSensor], [TipoSensor], [Medida], [UnidadMedida], [Chequeado], [Error], [EncimaNormal], [DebajoNormal], [Notificado], [Activo], [FechaRegistro], [FechaModificacion], [FechaEliminacion], [UsuarioRegistro], [UsuarioModificacion], [UsuarioEliminacion]) VALUES (86, N'WIEFW74JF3U3JK3', NULL, 12.070619840720024, N'C', 0, 0, 0, 0, 0, 1, CAST(N'2019-07-03T00:00:00.000' AS DateTime), NULL, NULL, N'System', NULL, NULL)
GO
INSERT [MON].[DataSensores] ([IdDataSensor], [SerieSensor], [TipoSensor], [Medida], [UnidadMedida], [Chequeado], [Error], [EncimaNormal], [DebajoNormal], [Notificado], [Activo], [FechaRegistro], [FechaModificacion], [FechaEliminacion], [UsuarioRegistro], [UsuarioModificacion], [UsuarioEliminacion]) VALUES (87, N'WIEFW74JF3U3JK3', NULL, 10.36060663864976, N'C', 0, 0, 0, 0, 0, 1, CAST(N'2019-06-07T00:00:00.000' AS DateTime), NULL, NULL, N'System', NULL, NULL)
GO
INSERT [MON].[DataSensores] ([IdDataSensor], [SerieSensor], [TipoSensor], [Medida], [UnidadMedida], [Chequeado], [Error], [EncimaNormal], [DebajoNormal], [Notificado], [Activo], [FechaRegistro], [FechaModificacion], [FechaEliminacion], [UsuarioRegistro], [UsuarioModificacion], [UsuarioEliminacion]) VALUES (88, N'WIEFW74JF3U3JK3', NULL, 14.750325754960219, N'C', 0, 0, 0, 0, 0, 1, CAST(N'2019-08-13T00:00:00.000' AS DateTime), NULL, NULL, N'System', NULL, NULL)
GO
INSERT [MON].[DataSensores] ([IdDataSensor], [SerieSensor], [TipoSensor], [Medida], [UnidadMedida], [Chequeado], [Error], [EncimaNormal], [DebajoNormal], [Notificado], [Activo], [FechaRegistro], [FechaModificacion], [FechaEliminacion], [UsuarioRegistro], [UsuarioModificacion], [UsuarioEliminacion]) VALUES (89, N'AD23D28UDI22FED', NULL, 17.839248375659459, N'C', 0, 0, 0, 0, 0, 1, CAST(N'2019-09-29T00:00:00.000' AS DateTime), NULL, NULL, N'System', NULL, NULL)
GO
INSERT [MON].[DataSensores] ([IdDataSensor], [SerieSensor], [TipoSensor], [Medida], [UnidadMedida], [Chequeado], [Error], [EncimaNormal], [DebajoNormal], [Notificado], [Activo], [FechaRegistro], [FechaModificacion], [FechaEliminacion], [UsuarioRegistro], [UsuarioModificacion], [UsuarioEliminacion]) VALUES (90, N'HAU3R7J3IDF72K3', NULL, 0.595837034329696, N'C', 0, 0, 0, 0, 0, 1, CAST(N'2019-01-08T00:00:00.000' AS DateTime), NULL, NULL, N'System', NULL, NULL)
GO
INSERT [MON].[DataSensores] ([IdDataSensor], [SerieSensor], [TipoSensor], [Medida], [UnidadMedida], [Chequeado], [Error], [EncimaNormal], [DebajoNormal], [Notificado], [Activo], [FechaRegistro], [FechaModificacion], [FechaEliminacion], [UsuarioRegistro], [UsuarioModificacion], [UsuarioEliminacion]) VALUES (91, N'HAU3R7J3IDF72K3', NULL, 2.9948319200867934, N'C', 0, 0, 0, 0, 0, 1, CAST(N'2019-02-14T00:00:00.000' AS DateTime), NULL, NULL, N'System', NULL, NULL)
GO
INSERT [MON].[DataSensores] ([IdDataSensor], [SerieSensor], [TipoSensor], [Medida], [UnidadMedida], [Chequeado], [Error], [EncimaNormal], [DebajoNormal], [Notificado], [Activo], [FechaRegistro], [FechaModificacion], [FechaEliminacion], [UsuarioRegistro], [UsuarioModificacion], [UsuarioEliminacion]) VALUES (92, N'HAU3R7J3IDF72K3', NULL, 4.9555313075219889, N'C', 0, 0, 0, 0, 0, 1, CAST(N'2019-03-16T00:00:00.000' AS DateTime), NULL, NULL, N'System', NULL, NULL)
GO
INSERT [MON].[DataSensores] ([IdDataSensor], [SerieSensor], [TipoSensor], [Medida], [UnidadMedida], [Chequeado], [Error], [EncimaNormal], [DebajoNormal], [Notificado], [Activo], [FechaRegistro], [FechaModificacion], [FechaEliminacion], [UsuarioRegistro], [UsuarioModificacion], [UsuarioEliminacion]) VALUES (93, N'W4F3O3F83HOI33', NULL, 30.022192067802973, N'C', 0, 0, 0, 0, 0, 1, CAST(N'2020-04-03T00:00:00.000' AS DateTime), NULL, NULL, N'System', NULL, NULL)
GO
INSERT [MON].[DataSensores] ([IdDataSensor], [SerieSensor], [TipoSensor], [Medida], [UnidadMedida], [Chequeado], [Error], [EncimaNormal], [DebajoNormal], [Notificado], [Activo], [FechaRegistro], [FechaModificacion], [FechaEliminacion], [UsuarioRegistro], [UsuarioModificacion], [UsuarioEliminacion]) VALUES (94, N'WIEFW74JF3U3JK3', NULL, 14.42382363412707, N'C', 0, 0, 0, 0, 0, 1, CAST(N'2019-08-08T00:00:00.000' AS DateTime), NULL, NULL, N'System', NULL, NULL)
GO
INSERT [MON].[DataSensores] ([IdDataSensor], [SerieSensor], [TipoSensor], [Medida], [UnidadMedida], [Chequeado], [Error], [EncimaNormal], [DebajoNormal], [Notificado], [Activo], [FechaRegistro], [FechaModificacion], [FechaEliminacion], [UsuarioRegistro], [UsuarioModificacion], [UsuarioEliminacion]) VALUES (95, N'HAU3R7J3IDF72K3', NULL, 6.5235279627253888, N'C', 0, 0, 0, 0, 0, 1, CAST(N'2019-04-09T00:00:00.000' AS DateTime), NULL, NULL, N'System', NULL, NULL)
GO
INSERT [MON].[DataSensores] ([IdDataSensor], [SerieSensor], [TipoSensor], [Medida], [UnidadMedida], [Chequeado], [Error], [EncimaNormal], [DebajoNormal], [Notificado], [Activo], [FechaRegistro], [FechaModificacion], [FechaEliminacion], [UsuarioRegistro], [UsuarioModificacion], [UsuarioEliminacion]) VALUES (96, N'HAU3R7J3IDF72K3', NULL, 7.1454811218406444, N'C', 0, 0, 0, 0, 0, 1, CAST(N'2019-04-18T00:00:00.000' AS DateTime), NULL, NULL, N'System', NULL, NULL)
GO
INSERT [MON].[DataSensores] ([IdDataSensor], [SerieSensor], [TipoSensor], [Medida], [UnidadMedida], [Chequeado], [Error], [EncimaNormal], [DebajoNormal], [Notificado], [Activo], [FechaRegistro], [FechaModificacion], [FechaEliminacion], [UsuarioRegistro], [UsuarioModificacion], [UsuarioEliminacion]) VALUES (97, N'W4F3O3F83HOI33', NULL, 30.108036731746061, N'C', 0, 0, 0, 0, 0, 1, CAST(N'2020-04-04T00:00:00.000' AS DateTime), NULL, NULL, N'System', NULL, NULL)
GO
INSERT [MON].[DataSensores] ([IdDataSensor], [SerieSensor], [TipoSensor], [Medida], [UnidadMedida], [Chequeado], [Error], [EncimaNormal], [DebajoNormal], [Notificado], [Activo], [FechaRegistro], [FechaModificacion], [FechaEliminacion], [UsuarioRegistro], [UsuarioModificacion], [UsuarioEliminacion]) VALUES (98, N'HAU3R7J3IDF72K3', NULL, 3.9264202744823042, N'C', 0, 0, 0, 0, 0, 1, CAST(N'2019-02-28T00:00:00.000' AS DateTime), NULL, NULL, N'System', NULL, NULL)
GO
INSERT [MON].[DataSensores] ([IdDataSensor], [SerieSensor], [TipoSensor], [Medida], [UnidadMedida], [Chequeado], [Error], [EncimaNormal], [DebajoNormal], [Notificado], [Activo], [FechaRegistro], [FechaModificacion], [FechaEliminacion], [UsuarioRegistro], [UsuarioModificacion], [UsuarioEliminacion]) VALUES (99, N'HAU3R7J3IDF72K3', NULL, 6.29718743013087, N'C', 0, 0, 0, 0, 0, 1, CAST(N'2019-04-05T00:00:00.000' AS DateTime), NULL, NULL, N'System', NULL, NULL)
GO
INSERT [MON].[DataSensores] ([IdDataSensor], [SerieSensor], [TipoSensor], [Medida], [UnidadMedida], [Chequeado], [Error], [EncimaNormal], [DebajoNormal], [Notificado], [Activo], [FechaRegistro], [FechaModificacion], [FechaEliminacion], [UsuarioRegistro], [UsuarioModificacion], [UsuarioEliminacion]) VALUES (100, N'AD23D28UDI22FED', NULL, 17.54984296087634, N'C', 0, 0, 0, 0, 0, 1, CAST(N'2019-09-25T00:00:00.000' AS DateTime), NULL, NULL, N'System', NULL, NULL)
GO
INSERT [MON].[DataSensores] ([IdDataSensor], [SerieSensor], [TipoSensor], [Medida], [UnidadMedida], [Chequeado], [Error], [EncimaNormal], [DebajoNormal], [Notificado], [Activo], [FechaRegistro], [FechaModificacion], [FechaEliminacion], [UsuarioRegistro], [UsuarioModificacion], [UsuarioEliminacion]) VALUES (101, N'WIEFW74JF3U3JK3', NULL, 9.6386082365823018, N'C', 0, 0, 0, 0, 0, 1, CAST(N'2019-05-27T00:00:00.000' AS DateTime), NULL, NULL, N'System', NULL, NULL)
GO
INSERT [MON].[DataSensores] ([IdDataSensor], [SerieSensor], [TipoSensor], [Medida], [UnidadMedida], [Chequeado], [Error], [EncimaNormal], [DebajoNormal], [Notificado], [Activo], [FechaRegistro], [FechaModificacion], [FechaEliminacion], [UsuarioRegistro], [UsuarioModificacion], [UsuarioEliminacion]) VALUES (102, N'WIEFW74JF3U3JK3', NULL, 11.246124181498828, N'C', 0, 0, 0, 0, 0, 1, CAST(N'2019-06-20T00:00:00.000' AS DateTime), NULL, NULL, N'System', NULL, NULL)
GO
INSERT [MON].[DataSensores] ([IdDataSensor], [SerieSensor], [TipoSensor], [Medida], [UnidadMedida], [Chequeado], [Error], [EncimaNormal], [DebajoNormal], [Notificado], [Activo], [FechaRegistro], [FechaModificacion], [FechaEliminacion], [UsuarioRegistro], [UsuarioModificacion], [UsuarioEliminacion]) VALUES (103, N'HAU3R7J3IDF72K3', NULL, 7.3511945329844917, N'C', 0, 0, 0, 0, 0, 1, CAST(N'2019-04-22T00:00:00.000' AS DateTime), NULL, NULL, N'System', NULL, NULL)
GO
INSERT [MON].[DataSensores] ([IdDataSensor], [SerieSensor], [TipoSensor], [Medida], [UnidadMedida], [Chequeado], [Error], [EncimaNormal], [DebajoNormal], [Notificado], [Activo], [FechaRegistro], [FechaModificacion], [FechaEliminacion], [UsuarioRegistro], [UsuarioModificacion], [UsuarioEliminacion]) VALUES (104, N'HAU3R7J3IDF72K3', NULL, 4.8811086039902216, N'C', 0, 0, 0, 0, 0, 1, CAST(N'2019-03-15T00:00:00.000' AS DateTime), NULL, NULL, N'System', NULL, NULL)
GO
INSERT [MON].[DataSensores] ([IdDataSensor], [SerieSensor], [TipoSensor], [Medida], [UnidadMedida], [Chequeado], [Error], [EncimaNormal], [DebajoNormal], [Notificado], [Activo], [FechaRegistro], [FechaModificacion], [FechaEliminacion], [UsuarioRegistro], [UsuarioModificacion], [UsuarioEliminacion]) VALUES (105, N'AD23D28UDI22FED', NULL, 21.485343811374783, N'C', 0, 0, 0, 0, 0, 1, CAST(N'2019-11-24T00:00:00.000' AS DateTime), NULL, NULL, N'System', NULL, NULL)
GO
INSERT [MON].[DataSensores] ([IdDataSensor], [SerieSensor], [TipoSensor], [Medida], [UnidadMedida], [Chequeado], [Error], [EncimaNormal], [DebajoNormal], [Notificado], [Activo], [FechaRegistro], [FechaModificacion], [FechaEliminacion], [UsuarioRegistro], [UsuarioModificacion], [UsuarioEliminacion]) VALUES (106, N'WIEFW74JF3U3JK3', NULL, 15.12564702919947, N'C', 0, 0, 0, 0, 0, 1, CAST(N'2019-08-19T00:00:00.000' AS DateTime), NULL, NULL, N'System', NULL, NULL)
GO
INSERT [MON].[DataSensores] ([IdDataSensor], [SerieSensor], [TipoSensor], [Medida], [UnidadMedida], [Chequeado], [Error], [EncimaNormal], [DebajoNormal], [Notificado], [Activo], [FechaRegistro], [FechaModificacion], [FechaEliminacion], [UsuarioRegistro], [UsuarioModificacion], [UsuarioEliminacion]) VALUES (107, N'W4F3O3F83HOI33', NULL, 25.501814770978786, N'C', 0, 0, 0, 0, 0, 1, CAST(N'2020-01-25T00:00:00.000' AS DateTime), NULL, NULL, N'System', NULL, NULL)
GO
INSERT [MON].[DataSensores] ([IdDataSensor], [SerieSensor], [TipoSensor], [Medida], [UnidadMedida], [Chequeado], [Error], [EncimaNormal], [DebajoNormal], [Notificado], [Activo], [FechaRegistro], [FechaModificacion], [FechaEliminacion], [UsuarioRegistro], [UsuarioModificacion], [UsuarioEliminacion]) VALUES (108, N'W4F3O3F83HOI33', NULL, 29.761553555755668, N'C', 0, 0, 0, 0, 0, 1, CAST(N'2020-03-30T00:00:00.000' AS DateTime), NULL, NULL, N'System', NULL, NULL)
GO
INSERT [MON].[DataSensores] ([IdDataSensor], [SerieSensor], [TipoSensor], [Medida], [UnidadMedida], [Chequeado], [Error], [EncimaNormal], [DebajoNormal], [Notificado], [Activo], [FechaRegistro], [FechaModificacion], [FechaEliminacion], [UsuarioRegistro], [UsuarioModificacion], [UsuarioEliminacion]) VALUES (109, N'HAU3R7J3IDF72K3', NULL, 5.3995568542273507, N'C', 0, 0, 0, 0, 0, 1, CAST(N'2019-03-23T00:00:00.000' AS DateTime), NULL, NULL, N'System', NULL, NULL)
GO
INSERT [MON].[DataSensores] ([IdDataSensor], [SerieSensor], [TipoSensor], [Medida], [UnidadMedida], [Chequeado], [Error], [EncimaNormal], [DebajoNormal], [Notificado], [Activo], [FechaRegistro], [FechaModificacion], [FechaEliminacion], [UsuarioRegistro], [UsuarioModificacion], [UsuarioEliminacion]) VALUES (110, N'AD23D28UDI22FED', NULL, 18.178104624747348, N'C', 0, 0, 0, 0, 0, 1, CAST(N'2019-10-05T00:00:00.000' AS DateTime), NULL, NULL, N'System', NULL, NULL)
GO
INSERT [MON].[DataSensores] ([IdDataSensor], [SerieSensor], [TipoSensor], [Medida], [UnidadMedida], [Chequeado], [Error], [EncimaNormal], [DebajoNormal], [Notificado], [Activo], [FechaRegistro], [FechaModificacion], [FechaEliminacion], [UsuarioRegistro], [UsuarioModificacion], [UsuarioEliminacion]) VALUES (111, N'AD23D28UDI22FED', NULL, 15.909047516718994, N'C', 0, 0, 0, 0, 0, 1, CAST(N'2019-08-31T00:00:00.000' AS DateTime), NULL, NULL, N'System', NULL, NULL)
GO
INSERT [MON].[DataSensores] ([IdDataSensor], [SerieSensor], [TipoSensor], [Medida], [UnidadMedida], [Chequeado], [Error], [EncimaNormal], [DebajoNormal], [Notificado], [Activo], [FechaRegistro], [FechaModificacion], [FechaEliminacion], [UsuarioRegistro], [UsuarioModificacion], [UsuarioEliminacion]) VALUES (112, N'W4F3O3F83HOI33', NULL, 25.61251131590107, N'C', 0, 0, 0, 0, 0, 1, CAST(N'2020-01-26T00:00:00.000' AS DateTime), NULL, NULL, N'System', NULL, NULL)
GO
INSERT [MON].[DataSensores] ([IdDataSensor], [SerieSensor], [TipoSensor], [Medida], [UnidadMedida], [Chequeado], [Error], [EncimaNormal], [DebajoNormal], [Notificado], [Activo], [FechaRegistro], [FechaModificacion], [FechaEliminacion], [UsuarioRegistro], [UsuarioModificacion], [UsuarioEliminacion]) VALUES (113, N'WIEFW74JF3U3JK3', NULL, 11.629607639801504, N'C', 0, 0, 0, 0, 0, 1, CAST(N'2019-06-26T00:00:00.000' AS DateTime), NULL, NULL, N'System', NULL, NULL)
GO
INSERT [MON].[DataSensores] ([IdDataSensor], [SerieSensor], [TipoSensor], [Medida], [UnidadMedida], [Chequeado], [Error], [EncimaNormal], [DebajoNormal], [Notificado], [Activo], [FechaRegistro], [FechaModificacion], [FechaEliminacion], [UsuarioRegistro], [UsuarioModificacion], [UsuarioEliminacion]) VALUES (114, N'WIEFW74JF3U3JK3', NULL, 11.655968251803873, N'C', 0, 0, 0, 0, 0, 1, CAST(N'2019-06-27T00:00:00.000' AS DateTime), NULL, NULL, N'System', NULL, NULL)
GO
INSERT [MON].[DataSensores] ([IdDataSensor], [SerieSensor], [TipoSensor], [Medida], [UnidadMedida], [Chequeado], [Error], [EncimaNormal], [DebajoNormal], [Notificado], [Activo], [FechaRegistro], [FechaModificacion], [FechaEliminacion], [UsuarioRegistro], [UsuarioModificacion], [UsuarioEliminacion]) VALUES (115, N'WIEFW74JF3U3JK3', NULL, 9.04952789887298, N'C', 0, 0, 0, 0, 0, 1, CAST(N'2019-05-18T00:00:00.000' AS DateTime), NULL, NULL, N'System', NULL, NULL)
GO
INSERT [MON].[DataSensores] ([IdDataSensor], [SerieSensor], [TipoSensor], [Medida], [UnidadMedida], [Chequeado], [Error], [EncimaNormal], [DebajoNormal], [Notificado], [Activo], [FechaRegistro], [FechaModificacion], [FechaEliminacion], [UsuarioRegistro], [UsuarioModificacion], [UsuarioEliminacion]) VALUES (116, N'W4F3O3F83HOI33', NULL, 24.161975338711393, N'C', 0, 0, 0, 0, 0, 1, CAST(N'2020-01-04T00:00:00.000' AS DateTime), NULL, NULL, N'System', NULL, NULL)
GO
INSERT [MON].[DataSensores] ([IdDataSensor], [SerieSensor], [TipoSensor], [Medida], [UnidadMedida], [Chequeado], [Error], [EncimaNormal], [DebajoNormal], [Notificado], [Activo], [FechaRegistro], [FechaModificacion], [FechaEliminacion], [UsuarioRegistro], [UsuarioModificacion], [UsuarioEliminacion]) VALUES (117, N'W4F3O3F83HOI33', NULL, 26.214564525948166, N'C', 0, 0, 0, 0, 0, 1, CAST(N'2020-02-05T00:00:00.000' AS DateTime), NULL, NULL, N'System', NULL, NULL)
GO
INSERT [MON].[DataSensores] ([IdDataSensor], [SerieSensor], [TipoSensor], [Medida], [UnidadMedida], [Chequeado], [Error], [EncimaNormal], [DebajoNormal], [Notificado], [Activo], [FechaRegistro], [FechaModificacion], [FechaEliminacion], [UsuarioRegistro], [UsuarioModificacion], [UsuarioEliminacion]) VALUES (118, N'AD23D28UDI22FED', NULL, 18.775677020976168, N'C', 0, 0, 0, 0, 0, 1, CAST(N'2019-10-14T00:00:00.000' AS DateTime), NULL, NULL, N'System', NULL, NULL)
GO
INSERT [MON].[DataSensores] ([IdDataSensor], [SerieSensor], [TipoSensor], [Medida], [UnidadMedida], [Chequeado], [Error], [EncimaNormal], [DebajoNormal], [Notificado], [Activo], [FechaRegistro], [FechaModificacion], [FechaEliminacion], [UsuarioRegistro], [UsuarioModificacion], [UsuarioEliminacion]) VALUES (119, N'AD23D28UDI22FED', NULL, 21.339166873525439, N'C', 0, 0, 0, 0, 0, 1, CAST(N'2019-11-22T00:00:00.000' AS DateTime), NULL, NULL, N'System', NULL, NULL)
GO
INSERT [MON].[DataSensores] ([IdDataSensor], [SerieSensor], [TipoSensor], [Medida], [UnidadMedida], [Chequeado], [Error], [EncimaNormal], [DebajoNormal], [Notificado], [Activo], [FechaRegistro], [FechaModificacion], [FechaEliminacion], [UsuarioRegistro], [UsuarioModificacion], [UsuarioEliminacion]) VALUES (120, N'AD23D28UDI22FED', NULL, 17.242446637871883, N'C', 0, 0, 0, 0, 0, 1, CAST(N'2019-09-20T00:00:00.000' AS DateTime), NULL, NULL, N'System', NULL, NULL)
GO
INSERT [MON].[DataSensores] ([IdDataSensor], [SerieSensor], [TipoSensor], [Medida], [UnidadMedida], [Chequeado], [Error], [EncimaNormal], [DebajoNormal], [Notificado], [Activo], [FechaRegistro], [FechaModificacion], [FechaEliminacion], [UsuarioRegistro], [UsuarioModificacion], [UsuarioEliminacion]) VALUES (121, N'AD23D28UDI22FED', NULL, 19.144958695510848, N'C', 0, 0, 0, 0, 0, 1, CAST(N'2019-10-19T00:00:00.000' AS DateTime), NULL, NULL, N'System', NULL, NULL)
GO
INSERT [MON].[DataSensores] ([IdDataSensor], [SerieSensor], [TipoSensor], [Medida], [UnidadMedida], [Chequeado], [Error], [EncimaNormal], [DebajoNormal], [Notificado], [Activo], [FechaRegistro], [FechaModificacion], [FechaEliminacion], [UsuarioRegistro], [UsuarioModificacion], [UsuarioEliminacion]) VALUES (122, N'W4F3O3F83HOI33', NULL, 29.115696345370122, N'C', 0, 0, 0, 0, 0, 1, CAST(N'2020-03-20T00:00:00.000' AS DateTime), NULL, NULL, N'System', NULL, NULL)
GO
INSERT [MON].[DataSensores] ([IdDataSensor], [SerieSensor], [TipoSensor], [Medida], [UnidadMedida], [Chequeado], [Error], [EncimaNormal], [DebajoNormal], [Notificado], [Activo], [FechaRegistro], [FechaModificacion], [FechaEliminacion], [UsuarioRegistro], [UsuarioModificacion], [UsuarioEliminacion]) VALUES (123, N'AD23D28UDI22FED', NULL, 17.857896738014134, N'C', 0, 0, 0, 0, 0, 1, CAST(N'2019-09-30T00:00:00.000' AS DateTime), NULL, NULL, N'System', NULL, NULL)
GO
INSERT [MON].[DataSensores] ([IdDataSensor], [SerieSensor], [TipoSensor], [Medida], [UnidadMedida], [Chequeado], [Error], [EncimaNormal], [DebajoNormal], [Notificado], [Activo], [FechaRegistro], [FechaModificacion], [FechaEliminacion], [UsuarioRegistro], [UsuarioModificacion], [UsuarioEliminacion]) VALUES (124, N'AD23D28UDI22FED', NULL, 21.669005860932639, N'C', 0, 0, 0, 0, 0, 1, CAST(N'2019-11-27T00:00:00.000' AS DateTime), NULL, NULL, N'System', NULL, NULL)
GO
INSERT [MON].[DataSensores] ([IdDataSensor], [SerieSensor], [TipoSensor], [Medida], [UnidadMedida], [Chequeado], [Error], [EncimaNormal], [DebajoNormal], [Notificado], [Activo], [FechaRegistro], [FechaModificacion], [FechaEliminacion], [UsuarioRegistro], [UsuarioModificacion], [UsuarioEliminacion]) VALUES (125, N'AD23D28UDI22FED', NULL, 21.49379945462281, N'C', 0, 0, 0, 0, 0, 1, CAST(N'2019-11-24T00:00:00.000' AS DateTime), NULL, NULL, N'System', NULL, NULL)
GO
INSERT [MON].[DataSensores] ([IdDataSensor], [SerieSensor], [TipoSensor], [Medida], [UnidadMedida], [Chequeado], [Error], [EncimaNormal], [DebajoNormal], [Notificado], [Activo], [FechaRegistro], [FechaModificacion], [FechaEliminacion], [UsuarioRegistro], [UsuarioModificacion], [UsuarioEliminacion]) VALUES (126, N'WIEFW74JF3U3JK3', NULL, 10.795110144044788, N'C', 0, 0, 0, 0, 0, 1, CAST(N'2019-06-13T00:00:00.000' AS DateTime), NULL, NULL, N'System', NULL, NULL)
GO
INSERT [MON].[DataSensores] ([IdDataSensor], [SerieSensor], [TipoSensor], [Medida], [UnidadMedida], [Chequeado], [Error], [EncimaNormal], [DebajoNormal], [Notificado], [Activo], [FechaRegistro], [FechaModificacion], [FechaEliminacion], [UsuarioRegistro], [UsuarioModificacion], [UsuarioEliminacion]) VALUES (127, N'W4F3O3F83HOI33', NULL, 29.614891229157752, N'C', 0, 0, 0, 0, 0, 1, CAST(N'2020-03-28T00:00:00.000' AS DateTime), NULL, NULL, N'System', NULL, NULL)
GO
INSERT [MON].[DataSensores] ([IdDataSensor], [SerieSensor], [TipoSensor], [Medida], [UnidadMedida], [Chequeado], [Error], [EncimaNormal], [DebajoNormal], [Notificado], [Activo], [FechaRegistro], [FechaModificacion], [FechaEliminacion], [UsuarioRegistro], [UsuarioModificacion], [UsuarioEliminacion]) VALUES (128, N'AD23D28UDI22FED', NULL, 18.098051925188884, N'C', 0, 0, 0, 0, 0, 1, CAST(N'2019-10-03T00:00:00.000' AS DateTime), NULL, NULL, N'System', NULL, NULL)
GO
INSERT [MON].[DataSensores] ([IdDataSensor], [SerieSensor], [TipoSensor], [Medida], [UnidadMedida], [Chequeado], [Error], [EncimaNormal], [DebajoNormal], [Notificado], [Activo], [FechaRegistro], [FechaModificacion], [FechaEliminacion], [UsuarioRegistro], [UsuarioModificacion], [UsuarioEliminacion]) VALUES (129, N'WIEFW74JF3U3JK3', NULL, 8.4665423502989761, N'C', 0, 0, 0, 0, 0, 1, CAST(N'2019-05-09T00:00:00.000' AS DateTime), NULL, NULL, N'System', NULL, NULL)
GO
INSERT [MON].[DataSensores] ([IdDataSensor], [SerieSensor], [TipoSensor], [Medida], [UnidadMedida], [Chequeado], [Error], [EncimaNormal], [DebajoNormal], [Notificado], [Activo], [FechaRegistro], [FechaModificacion], [FechaEliminacion], [UsuarioRegistro], [UsuarioModificacion], [UsuarioEliminacion]) VALUES (130, N'AD23D28UDI22FED', NULL, 20.120411001341608, N'C', 0, 0, 0, 0, 0, 1, CAST(N'2019-11-03T00:00:00.000' AS DateTime), NULL, NULL, N'System', NULL, NULL)
GO
INSERT [MON].[DataSensores] ([IdDataSensor], [SerieSensor], [TipoSensor], [Medida], [UnidadMedida], [Chequeado], [Error], [EncimaNormal], [DebajoNormal], [Notificado], [Activo], [FechaRegistro], [FechaModificacion], [FechaEliminacion], [UsuarioRegistro], [UsuarioModificacion], [UsuarioEliminacion]) VALUES (131, N'WIEFW74JF3U3JK3', NULL, 13.882810436460565, N'C', 0, 0, 0, 0, 0, 1, CAST(N'2019-07-31T00:00:00.000' AS DateTime), NULL, NULL, N'System', NULL, NULL)
GO
INSERT [MON].[DataSensores] ([IdDataSensor], [SerieSensor], [TipoSensor], [Medida], [UnidadMedida], [Chequeado], [Error], [EncimaNormal], [DebajoNormal], [Notificado], [Activo], [FechaRegistro], [FechaModificacion], [FechaEliminacion], [UsuarioRegistro], [UsuarioModificacion], [UsuarioEliminacion]) VALUES (132, N'AD23D28UDI22FED', NULL, 22.214790075884565, N'C', 0, 0, 0, 0, 0, 1, CAST(N'2019-12-05T00:00:00.000' AS DateTime), NULL, NULL, N'System', NULL, NULL)
GO
INSERT [MON].[DataSensores] ([IdDataSensor], [SerieSensor], [TipoSensor], [Medida], [UnidadMedida], [Chequeado], [Error], [EncimaNormal], [DebajoNormal], [Notificado], [Activo], [FechaRegistro], [FechaModificacion], [FechaEliminacion], [UsuarioRegistro], [UsuarioModificacion], [UsuarioEliminacion]) VALUES (133, N'W4F3O3F83HOI33', NULL, 28.9910008607856, N'C', 0, 0, 0, 0, 0, 1, CAST(N'2020-03-18T00:00:00.000' AS DateTime), NULL, NULL, N'System', NULL, NULL)
GO
INSERT [MON].[DataSensores] ([IdDataSensor], [SerieSensor], [TipoSensor], [Medida], [UnidadMedida], [Chequeado], [Error], [EncimaNormal], [DebajoNormal], [Notificado], [Activo], [FechaRegistro], [FechaModificacion], [FechaEliminacion], [UsuarioRegistro], [UsuarioModificacion], [UsuarioEliminacion]) VALUES (134, N'WIEFW74JF3U3JK3', NULL, 15.092607061840875, N'C', 0, 0, 0, 0, 0, 1, CAST(N'2019-08-18T00:00:00.000' AS DateTime), NULL, NULL, N'System', NULL, NULL)
GO
INSERT [MON].[DataSensores] ([IdDataSensor], [SerieSensor], [TipoSensor], [Medida], [UnidadMedida], [Chequeado], [Error], [EncimaNormal], [DebajoNormal], [Notificado], [Activo], [FechaRegistro], [FechaModificacion], [FechaEliminacion], [UsuarioRegistro], [UsuarioModificacion], [UsuarioEliminacion]) VALUES (135, N'HAU3R7J3IDF72K3', NULL, 3.471041495991424, N'C', 0, 0, 0, 0, 0, 1, CAST(N'2019-02-21T00:00:00.000' AS DateTime), NULL, NULL, N'System', NULL, NULL)
GO
INSERT [MON].[DataSensores] ([IdDataSensor], [SerieSensor], [TipoSensor], [Medida], [UnidadMedida], [Chequeado], [Error], [EncimaNormal], [DebajoNormal], [Notificado], [Activo], [FechaRegistro], [FechaModificacion], [FechaEliminacion], [UsuarioRegistro], [UsuarioModificacion], [UsuarioEliminacion]) VALUES (136, N'W4F3O3F83HOI33', NULL, 27.748972245328581, N'C', 0, 0, 0, 0, 0, 1, CAST(N'2020-02-28T00:00:00.000' AS DateTime), NULL, NULL, N'System', NULL, NULL)
GO
INSERT [MON].[DataSensores] ([IdDataSensor], [SerieSensor], [TipoSensor], [Medida], [UnidadMedida], [Chequeado], [Error], [EncimaNormal], [DebajoNormal], [Notificado], [Activo], [FechaRegistro], [FechaModificacion], [FechaEliminacion], [UsuarioRegistro], [UsuarioModificacion], [UsuarioEliminacion]) VALUES (137, N'W4F3O3F83HOI33', NULL, 27.094052594804229, N'C', 0, 0, 0, 0, 0, 1, CAST(N'2020-02-18T00:00:00.000' AS DateTime), NULL, NULL, N'System', NULL, NULL)
GO
INSERT [MON].[DataSensores] ([IdDataSensor], [SerieSensor], [TipoSensor], [Medida], [UnidadMedida], [Chequeado], [Error], [EncimaNormal], [DebajoNormal], [Notificado], [Activo], [FechaRegistro], [FechaModificacion], [FechaEliminacion], [UsuarioRegistro], [UsuarioModificacion], [UsuarioEliminacion]) VALUES (138, N'W4F3O3F83HOI33', NULL, 29.926294379414195, N'C', 0, 0, 0, 0, 0, 1, CAST(N'2020-04-02T00:00:00.000' AS DateTime), NULL, NULL, N'System', NULL, NULL)
GO
INSERT [MON].[DataSensores] ([IdDataSensor], [SerieSensor], [TipoSensor], [Medida], [UnidadMedida], [Chequeado], [Error], [EncimaNormal], [DebajoNormal], [Notificado], [Activo], [FechaRegistro], [FechaModificacion], [FechaEliminacion], [UsuarioRegistro], [UsuarioModificacion], [UsuarioEliminacion]) VALUES (139, N'HAU3R7J3IDF72K3', NULL, 6.1225488668412655, N'C', 0, 0, 0, 0, 0, 1, CAST(N'2019-04-03T00:00:00.000' AS DateTime), NULL, NULL, N'System', NULL, NULL)
GO
INSERT [MON].[DataSensores] ([IdDataSensor], [SerieSensor], [TipoSensor], [Medida], [UnidadMedida], [Chequeado], [Error], [EncimaNormal], [DebajoNormal], [Notificado], [Activo], [FechaRegistro], [FechaModificacion], [FechaEliminacion], [UsuarioRegistro], [UsuarioModificacion], [UsuarioEliminacion]) VALUES (140, N'WIEFW74JF3U3JK3', NULL, 13.041259550741527, N'C', 0, 0, 0, 0, 0, 1, CAST(N'2019-07-18T00:00:00.000' AS DateTime), NULL, NULL, N'System', NULL, NULL)
GO
INSERT [MON].[DataSensores] ([IdDataSensor], [SerieSensor], [TipoSensor], [Medida], [UnidadMedida], [Chequeado], [Error], [EncimaNormal], [DebajoNormal], [Notificado], [Activo], [FechaRegistro], [FechaModificacion], [FechaEliminacion], [UsuarioRegistro], [UsuarioModificacion], [UsuarioEliminacion]) VALUES (141, N'AD23D28UDI22FED', NULL, 17.468805069741236, N'C', 0, 0, 0, 0, 0, 1, CAST(N'2019-09-24T00:00:00.000' AS DateTime), NULL, NULL, N'System', NULL, NULL)
GO
INSERT [MON].[DataSensores] ([IdDataSensor], [SerieSensor], [TipoSensor], [Medida], [UnidadMedida], [Chequeado], [Error], [EncimaNormal], [DebajoNormal], [Notificado], [Activo], [FechaRegistro], [FechaModificacion], [FechaEliminacion], [UsuarioRegistro], [UsuarioModificacion], [UsuarioEliminacion]) VALUES (142, N'WIEFW74JF3U3JK3', NULL, 11.499053082894092, N'C', 0, 0, 0, 0, 0, 1, CAST(N'2019-06-24T00:00:00.000' AS DateTime), NULL, NULL, N'System', NULL, NULL)
GO
INSERT [MON].[DataSensores] ([IdDataSensor], [SerieSensor], [TipoSensor], [Medida], [UnidadMedida], [Chequeado], [Error], [EncimaNormal], [DebajoNormal], [Notificado], [Activo], [FechaRegistro], [FechaModificacion], [FechaEliminacion], [UsuarioRegistro], [UsuarioModificacion], [UsuarioEliminacion]) VALUES (143, N'WIEFW74JF3U3JK3', NULL, 9.4507689007328661, N'C', 0, 0, 0, 0, 0, 1, CAST(N'2019-05-24T00:00:00.000' AS DateTime), NULL, NULL, N'System', NULL, NULL)
GO
INSERT [MON].[DataSensores] ([IdDataSensor], [SerieSensor], [TipoSensor], [Medida], [UnidadMedida], [Chequeado], [Error], [EncimaNormal], [DebajoNormal], [Notificado], [Activo], [FechaRegistro], [FechaModificacion], [FechaEliminacion], [UsuarioRegistro], [UsuarioModificacion], [UsuarioEliminacion]) VALUES (144, N'W4F3O3F83HOI33', NULL, 30.561143750912109, N'C', 0, 0, 0, 0, 0, 1, CAST(N'2020-04-11T00:00:00.000' AS DateTime), NULL, NULL, N'System', NULL, NULL)
GO
INSERT [MON].[DataSensores] ([IdDataSensor], [SerieSensor], [TipoSensor], [Medida], [UnidadMedida], [Chequeado], [Error], [EncimaNormal], [DebajoNormal], [Notificado], [Activo], [FechaRegistro], [FechaModificacion], [FechaEliminacion], [UsuarioRegistro], [UsuarioModificacion], [UsuarioEliminacion]) VALUES (145, N'AD23D28UDI22FED', NULL, 15.5867895176107, N'C', 0, 0, 0, 0, 0, 1, CAST(N'2019-08-26T00:00:00.000' AS DateTime), NULL, NULL, N'System', NULL, NULL)
GO
INSERT [MON].[DataSensores] ([IdDataSensor], [SerieSensor], [TipoSensor], [Medida], [UnidadMedida], [Chequeado], [Error], [EncimaNormal], [DebajoNormal], [Notificado], [Activo], [FechaRegistro], [FechaModificacion], [FechaEliminacion], [UsuarioRegistro], [UsuarioModificacion], [UsuarioEliminacion]) VALUES (146, N'WIEFW74JF3U3JK3', NULL, 8.2823206041857222, N'C', 0, 0, 0, 0, 0, 1, CAST(N'2019-05-06T00:00:00.000' AS DateTime), NULL, NULL, N'System', NULL, NULL)
GO
INSERT [MON].[DataSensores] ([IdDataSensor], [SerieSensor], [TipoSensor], [Medida], [UnidadMedida], [Chequeado], [Error], [EncimaNormal], [DebajoNormal], [Notificado], [Activo], [FechaRegistro], [FechaModificacion], [FechaEliminacion], [UsuarioRegistro], [UsuarioModificacion], [UsuarioEliminacion]) VALUES (147, N'W4F3O3F83HOI33', NULL, 24.225923667720483, N'C', 0, 0, 0, 0, 0, 1, CAST(N'2020-01-05T00:00:00.000' AS DateTime), NULL, NULL, N'System', NULL, NULL)
GO
INSERT [MON].[DataSensores] ([IdDataSensor], [SerieSensor], [TipoSensor], [Medida], [UnidadMedida], [Chequeado], [Error], [EncimaNormal], [DebajoNormal], [Notificado], [Activo], [FechaRegistro], [FechaModificacion], [FechaEliminacion], [UsuarioRegistro], [UsuarioModificacion], [UsuarioEliminacion]) VALUES (148, N'AD23D28UDI22FED', NULL, 18.4662238159991, N'C', 0, 0, 0, 0, 0, 1, CAST(N'2019-10-09T00:00:00.000' AS DateTime), NULL, NULL, N'System', NULL, NULL)
GO
INSERT [MON].[DataSensores] ([IdDataSensor], [SerieSensor], [TipoSensor], [Medida], [UnidadMedida], [Chequeado], [Error], [EncimaNormal], [DebajoNormal], [Notificado], [Activo], [FechaRegistro], [FechaModificacion], [FechaEliminacion], [UsuarioRegistro], [UsuarioModificacion], [UsuarioEliminacion]) VALUES (149, N'HAU3R7J3IDF72K3', NULL, 5.4742957352540893, N'C', 0, 0, 0, 0, 0, 1, CAST(N'2019-03-24T00:00:00.000' AS DateTime), NULL, NULL, N'System', NULL, NULL)
GO
INSERT [MON].[DataSensores] ([IdDataSensor], [SerieSensor], [TipoSensor], [Medida], [UnidadMedida], [Chequeado], [Error], [EncimaNormal], [DebajoNormal], [Notificado], [Activo], [FechaRegistro], [FechaModificacion], [FechaEliminacion], [UsuarioRegistro], [UsuarioModificacion], [UsuarioEliminacion]) VALUES (150, N'WIEFW74JF3U3JK3', NULL, 13.261552624013996, N'C', 0, 0, 0, 0, 0, 1, CAST(N'2019-07-21T00:00:00.000' AS DateTime), NULL, NULL, N'System', NULL, NULL)
GO
INSERT [MON].[DataSensores] ([IdDataSensor], [SerieSensor], [TipoSensor], [Medida], [UnidadMedida], [Chequeado], [Error], [EncimaNormal], [DebajoNormal], [Notificado], [Activo], [FechaRegistro], [FechaModificacion], [FechaEliminacion], [UsuarioRegistro], [UsuarioModificacion], [UsuarioEliminacion]) VALUES (151, N'WIEFW74JF3U3JK3', NULL, 11.830916595892475, N'C', 0, 0, 0, 0, 0, 1, CAST(N'2019-06-29T00:00:00.000' AS DateTime), NULL, NULL, N'System', NULL, NULL)
GO
INSERT [MON].[DataSensores] ([IdDataSensor], [SerieSensor], [TipoSensor], [Medida], [UnidadMedida], [Chequeado], [Error], [EncimaNormal], [DebajoNormal], [Notificado], [Activo], [FechaRegistro], [FechaModificacion], [FechaEliminacion], [UsuarioRegistro], [UsuarioModificacion], [UsuarioEliminacion]) VALUES (152, N'WIEFW74JF3U3JK3', NULL, 11.432359710769894, N'C', 0, 0, 0, 0, 0, 1, CAST(N'2019-06-23T00:00:00.000' AS DateTime), NULL, NULL, N'System', NULL, NULL)
GO
INSERT [MON].[DataSensores] ([IdDataSensor], [SerieSensor], [TipoSensor], [Medida], [UnidadMedida], [Chequeado], [Error], [EncimaNormal], [DebajoNormal], [Notificado], [Activo], [FechaRegistro], [FechaModificacion], [FechaEliminacion], [UsuarioRegistro], [UsuarioModificacion], [UsuarioEliminacion]) VALUES (153, N'WIEFW74JF3U3JK3', NULL, 13.487253400956863, N'C', 0, 0, 0, 0, 0, 1, CAST(N'2019-07-25T00:00:00.000' AS DateTime), NULL, NULL, N'System', NULL, NULL)
GO
INSERT [MON].[DataSensores] ([IdDataSensor], [SerieSensor], [TipoSensor], [Medida], [UnidadMedida], [Chequeado], [Error], [EncimaNormal], [DebajoNormal], [Notificado], [Activo], [FechaRegistro], [FechaModificacion], [FechaEliminacion], [UsuarioRegistro], [UsuarioModificacion], [UsuarioEliminacion]) VALUES (154, N'AD23D28UDI22FED', NULL, 19.954740792258988, N'C', 0, 0, 0, 0, 0, 1, CAST(N'2019-11-01T00:00:00.000' AS DateTime), NULL, NULL, N'System', NULL, NULL)
GO
INSERT [MON].[DataSensores] ([IdDataSensor], [SerieSensor], [TipoSensor], [Medida], [UnidadMedida], [Chequeado], [Error], [EncimaNormal], [DebajoNormal], [Notificado], [Activo], [FechaRegistro], [FechaModificacion], [FechaEliminacion], [UsuarioRegistro], [UsuarioModificacion], [UsuarioEliminacion]) VALUES (155, N'W4F3O3F83HOI33', NULL, 29.304884265365487, N'C', 0, 0, 0, 0, 0, 1, CAST(N'2020-03-23T00:00:00.000' AS DateTime), NULL, NULL, N'System', NULL, NULL)
GO
INSERT [MON].[DataSensores] ([IdDataSensor], [SerieSensor], [TipoSensor], [Medida], [UnidadMedida], [Chequeado], [Error], [EncimaNormal], [DebajoNormal], [Notificado], [Activo], [FechaRegistro], [FechaModificacion], [FechaEliminacion], [UsuarioRegistro], [UsuarioModificacion], [UsuarioEliminacion]) VALUES (156, N'WIEFW74JF3U3JK3', NULL, 11.422911891212179, N'C', 0, 0, 0, 0, 0, 1, CAST(N'2019-06-23T00:00:00.000' AS DateTime), NULL, NULL, N'System', NULL, NULL)
GO
INSERT [MON].[DataSensores] ([IdDataSensor], [SerieSensor], [TipoSensor], [Medida], [UnidadMedida], [Chequeado], [Error], [EncimaNormal], [DebajoNormal], [Notificado], [Activo], [FechaRegistro], [FechaModificacion], [FechaEliminacion], [UsuarioRegistro], [UsuarioModificacion], [UsuarioEliminacion]) VALUES (157, N'W4F3O3F83HOI33', NULL, 24.288227443484693, N'C', 0, 0, 0, 0, 0, 1, CAST(N'2020-01-06T00:00:00.000' AS DateTime), NULL, NULL, N'System', NULL, NULL)
GO
INSERT [MON].[DataSensores] ([IdDataSensor], [SerieSensor], [TipoSensor], [Medida], [UnidadMedida], [Chequeado], [Error], [EncimaNormal], [DebajoNormal], [Notificado], [Activo], [FechaRegistro], [FechaModificacion], [FechaEliminacion], [UsuarioRegistro], [UsuarioModificacion], [UsuarioEliminacion]) VALUES (158, N'AD23D28UDI22FED', NULL, 16.582188672051853, N'C', 0, 0, 0, 0, 0, 1, CAST(N'2019-09-10T00:00:00.000' AS DateTime), NULL, NULL, N'System', NULL, NULL)
GO
INSERT [MON].[DataSensores] ([IdDataSensor], [SerieSensor], [TipoSensor], [Medida], [UnidadMedida], [Chequeado], [Error], [EncimaNormal], [DebajoNormal], [Notificado], [Activo], [FechaRegistro], [FechaModificacion], [FechaEliminacion], [UsuarioRegistro], [UsuarioModificacion], [UsuarioEliminacion]) VALUES (159, N'WIEFW74JF3U3JK3', NULL, 14.287309149367411, N'C', 0, 0, 0, 0, 0, 1, CAST(N'2019-08-06T00:00:00.000' AS DateTime), NULL, NULL, N'System', NULL, NULL)
GO
INSERT [MON].[DataSensores] ([IdDataSensor], [SerieSensor], [TipoSensor], [Medida], [UnidadMedida], [Chequeado], [Error], [EncimaNormal], [DebajoNormal], [Notificado], [Activo], [FechaRegistro], [FechaModificacion], [FechaEliminacion], [UsuarioRegistro], [UsuarioModificacion], [UsuarioEliminacion]) VALUES (160, N'WIEFW74JF3U3JK3', NULL, 10.790233667329993, N'C', 0, 0, 0, 0, 0, 1, CAST(N'2019-06-13T00:00:00.000' AS DateTime), NULL, NULL, N'System', NULL, NULL)
GO
INSERT [MON].[DataSensores] ([IdDataSensor], [SerieSensor], [TipoSensor], [Medida], [UnidadMedida], [Chequeado], [Error], [EncimaNormal], [DebajoNormal], [Notificado], [Activo], [FechaRegistro], [FechaModificacion], [FechaEliminacion], [UsuarioRegistro], [UsuarioModificacion], [UsuarioEliminacion]) VALUES (161, N'AD23D28UDI22FED', NULL, 16.410755800041724, N'C', 0, 0, 0, 0, 0, 1, CAST(N'2019-09-07T00:00:00.000' AS DateTime), NULL, NULL, N'System', NULL, NULL)
GO
INSERT [MON].[DataSensores] ([IdDataSensor], [SerieSensor], [TipoSensor], [Medida], [UnidadMedida], [Chequeado], [Error], [EncimaNormal], [DebajoNormal], [Notificado], [Activo], [FechaRegistro], [FechaModificacion], [FechaEliminacion], [UsuarioRegistro], [UsuarioModificacion], [UsuarioEliminacion]) VALUES (162, N'HAU3R7J3IDF72K3', NULL, 7.5037628457899022, N'C', 0, 0, 0, 0, 0, 1, CAST(N'2019-04-24T00:00:00.000' AS DateTime), NULL, NULL, N'System', NULL, NULL)
GO
INSERT [MON].[DataSensores] ([IdDataSensor], [SerieSensor], [TipoSensor], [Medida], [UnidadMedida], [Chequeado], [Error], [EncimaNormal], [DebajoNormal], [Notificado], [Activo], [FechaRegistro], [FechaModificacion], [FechaEliminacion], [UsuarioRegistro], [UsuarioModificacion], [UsuarioEliminacion]) VALUES (163, N'AD23D28UDI22FED', NULL, 21.39501120545669, N'C', 0, 0, 0, 0, 0, 1, CAST(N'2019-11-23T00:00:00.000' AS DateTime), NULL, NULL, N'System', NULL, NULL)
GO
INSERT [MON].[DataSensores] ([IdDataSensor], [SerieSensor], [TipoSensor], [Medida], [UnidadMedida], [Chequeado], [Error], [EncimaNormal], [DebajoNormal], [Notificado], [Activo], [FechaRegistro], [FechaModificacion], [FechaEliminacion], [UsuarioRegistro], [UsuarioModificacion], [UsuarioEliminacion]) VALUES (164, N'AD23D28UDI22FED', NULL, 16.179145852885743, N'C', 0, 0, 0, 0, 0, 1, CAST(N'2019-09-04T00:00:00.000' AS DateTime), NULL, NULL, N'System', NULL, NULL)
GO
INSERT [MON].[DataSensores] ([IdDataSensor], [SerieSensor], [TipoSensor], [Medida], [UnidadMedida], [Chequeado], [Error], [EncimaNormal], [DebajoNormal], [Notificado], [Activo], [FechaRegistro], [FechaModificacion], [FechaEliminacion], [UsuarioRegistro], [UsuarioModificacion], [UsuarioEliminacion]) VALUES (165, N'HAU3R7J3IDF72K3', NULL, 4.39529418828678, N'C', 0, 0, 0, 0, 0, 1, CAST(N'2019-03-07T00:00:00.000' AS DateTime), NULL, NULL, N'System', NULL, NULL)
GO
INSERT [MON].[DataSensores] ([IdDataSensor], [SerieSensor], [TipoSensor], [Medida], [UnidadMedida], [Chequeado], [Error], [EncimaNormal], [DebajoNormal], [Notificado], [Activo], [FechaRegistro], [FechaModificacion], [FechaEliminacion], [UsuarioRegistro], [UsuarioModificacion], [UsuarioEliminacion]) VALUES (166, N'W4F3O3F83HOI33', NULL, 24.594257440834426, N'C', 0, 0, 0, 0, 0, 1, CAST(N'2020-01-11T00:00:00.000' AS DateTime), NULL, NULL, N'System', NULL, NULL)
GO
INSERT [MON].[DataSensores] ([IdDataSensor], [SerieSensor], [TipoSensor], [Medida], [UnidadMedida], [Chequeado], [Error], [EncimaNormal], [DebajoNormal], [Notificado], [Activo], [FechaRegistro], [FechaModificacion], [FechaEliminacion], [UsuarioRegistro], [UsuarioModificacion], [UsuarioEliminacion]) VALUES (167, N'W4F3O3F83HOI33', NULL, 27.521510455115472, N'C', 0, 0, 0, 0, 0, 1, CAST(N'2020-02-25T00:00:00.000' AS DateTime), NULL, NULL, N'System', NULL, NULL)
GO
INSERT [MON].[DataSensores] ([IdDataSensor], [SerieSensor], [TipoSensor], [Medida], [UnidadMedida], [Chequeado], [Error], [EncimaNormal], [DebajoNormal], [Notificado], [Activo], [FechaRegistro], [FechaModificacion], [FechaEliminacion], [UsuarioRegistro], [UsuarioModificacion], [UsuarioEliminacion]) VALUES (168, N'W4F3O3F83HOI33', NULL, 27.437000577960628, N'C', 0, 0, 0, 0, 0, 1, CAST(N'2020-02-23T00:00:00.000' AS DateTime), NULL, NULL, N'System', NULL, NULL)
GO
INSERT [MON].[DataSensores] ([IdDataSensor], [SerieSensor], [TipoSensor], [Medida], [UnidadMedida], [Chequeado], [Error], [EncimaNormal], [DebajoNormal], [Notificado], [Activo], [FechaRegistro], [FechaModificacion], [FechaEliminacion], [UsuarioRegistro], [UsuarioModificacion], [UsuarioEliminacion]) VALUES (169, N'WIEFW74JF3U3JK3', NULL, 8.28492675581245, N'C', 0, 0, 0, 0, 0, 1, CAST(N'2019-05-06T00:00:00.000' AS DateTime), NULL, NULL, N'System', NULL, NULL)
GO
INSERT [MON].[DataSensores] ([IdDataSensor], [SerieSensor], [TipoSensor], [Medida], [UnidadMedida], [Chequeado], [Error], [EncimaNormal], [DebajoNormal], [Notificado], [Activo], [FechaRegistro], [FechaModificacion], [FechaEliminacion], [UsuarioRegistro], [UsuarioModificacion], [UsuarioEliminacion]) VALUES (170, N'WIEFW74JF3U3JK3', NULL, 12.2005556535444, N'C', 0, 0, 0, 0, 0, 1, CAST(N'2019-07-05T00:00:00.000' AS DateTime), NULL, NULL, N'System', NULL, NULL)
GO
INSERT [MON].[DataSensores] ([IdDataSensor], [SerieSensor], [TipoSensor], [Medida], [UnidadMedida], [Chequeado], [Error], [EncimaNormal], [DebajoNormal], [Notificado], [Activo], [FechaRegistro], [FechaModificacion], [FechaEliminacion], [UsuarioRegistro], [UsuarioModificacion], [UsuarioEliminacion]) VALUES (171, N'W4F3O3F83HOI33', NULL, 27.967922743907163, N'C', 0, 0, 0, 0, 0, 1, CAST(N'2020-03-03T00:00:00.000' AS DateTime), NULL, NULL, N'System', NULL, NULL)
GO
INSERT [MON].[DataSensores] ([IdDataSensor], [SerieSensor], [TipoSensor], [Medida], [UnidadMedida], [Chequeado], [Error], [EncimaNormal], [DebajoNormal], [Notificado], [Activo], [FechaRegistro], [FechaModificacion], [FechaEliminacion], [UsuarioRegistro], [UsuarioModificacion], [UsuarioEliminacion]) VALUES (172, N'W4F3O3F83HOI33', NULL, 27.18827014653397, N'C', 0, 0, 0, 0, 0, 1, CAST(N'2020-02-20T00:00:00.000' AS DateTime), NULL, NULL, N'System', NULL, NULL)
GO
INSERT [MON].[DataSensores] ([IdDataSensor], [SerieSensor], [TipoSensor], [Medida], [UnidadMedida], [Chequeado], [Error], [EncimaNormal], [DebajoNormal], [Notificado], [Activo], [FechaRegistro], [FechaModificacion], [FechaEliminacion], [UsuarioRegistro], [UsuarioModificacion], [UsuarioEliminacion]) VALUES (173, N'WIEFW74JF3U3JK3', NULL, 12.7531281541349, N'C', 0, 0, 0, 0, 0, 1, CAST(N'2019-07-13T00:00:00.000' AS DateTime), NULL, NULL, N'System', NULL, NULL)
GO
INSERT [MON].[DataSensores] ([IdDataSensor], [SerieSensor], [TipoSensor], [Medida], [UnidadMedida], [Chequeado], [Error], [EncimaNormal], [DebajoNormal], [Notificado], [Activo], [FechaRegistro], [FechaModificacion], [FechaEliminacion], [UsuarioRegistro], [UsuarioModificacion], [UsuarioEliminacion]) VALUES (174, N'WIEFW74JF3U3JK3', NULL, 8.39790732278391, N'C', 0, 0, 0, 0, 0, 1, CAST(N'2019-05-08T00:00:00.000' AS DateTime), NULL, NULL, N'System', NULL, NULL)
GO
INSERT [MON].[DataSensores] ([IdDataSensor], [SerieSensor], [TipoSensor], [Medida], [UnidadMedida], [Chequeado], [Error], [EncimaNormal], [DebajoNormal], [Notificado], [Activo], [FechaRegistro], [FechaModificacion], [FechaEliminacion], [UsuarioRegistro], [UsuarioModificacion], [UsuarioEliminacion]) VALUES (175, N'W4F3O3F83HOI33', NULL, 30.673641568130645, N'C', 0, 0, 0, 0, 0, 1, CAST(N'2020-04-13T00:00:00.000' AS DateTime), NULL, NULL, N'System', NULL, NULL)
GO
INSERT [MON].[DataSensores] ([IdDataSensor], [SerieSensor], [TipoSensor], [Medida], [UnidadMedida], [Chequeado], [Error], [EncimaNormal], [DebajoNormal], [Notificado], [Activo], [FechaRegistro], [FechaModificacion], [FechaEliminacion], [UsuarioRegistro], [UsuarioModificacion], [UsuarioEliminacion]) VALUES (176, N'HAU3R7J3IDF72K3', NULL, 7.7459056126167551, N'C', 0, 0, 0, 0, 0, 1, CAST(N'2019-04-28T00:00:00.000' AS DateTime), NULL, NULL, N'System', NULL, NULL)
GO
INSERT [MON].[DataSensores] ([IdDataSensor], [SerieSensor], [TipoSensor], [Medida], [UnidadMedida], [Chequeado], [Error], [EncimaNormal], [DebajoNormal], [Notificado], [Activo], [FechaRegistro], [FechaModificacion], [FechaEliminacion], [UsuarioRegistro], [UsuarioModificacion], [UsuarioEliminacion]) VALUES (177, N'AD23D28UDI22FED', NULL, 19.764927444637252, N'C', 0, 0, 0, 0, 0, 1, CAST(N'2019-10-29T00:00:00.000' AS DateTime), NULL, NULL, N'System', NULL, NULL)
GO
INSERT [MON].[DataSensores] ([IdDataSensor], [SerieSensor], [TipoSensor], [Medida], [UnidadMedida], [Chequeado], [Error], [EncimaNormal], [DebajoNormal], [Notificado], [Activo], [FechaRegistro], [FechaModificacion], [FechaEliminacion], [UsuarioRegistro], [UsuarioModificacion], [UsuarioEliminacion]) VALUES (178, N'AD23D28UDI22FED', NULL, 18.196752987102023, N'C', 0, 0, 0, 0, 0, 1, CAST(N'2019-10-05T00:00:00.000' AS DateTime), NULL, NULL, N'System', NULL, NULL)
GO
INSERT [MON].[DataSensores] ([IdDataSensor], [SerieSensor], [TipoSensor], [Medida], [UnidadMedida], [Chequeado], [Error], [EncimaNormal], [DebajoNormal], [Notificado], [Activo], [FechaRegistro], [FechaModificacion], [FechaEliminacion], [UsuarioRegistro], [UsuarioModificacion], [UsuarioEliminacion]) VALUES (179, N'HAU3R7J3IDF72K3', NULL, 6.1822163433219375, N'C', 0, 0, 0, 0, 0, 1, CAST(N'2019-04-04T00:00:00.000' AS DateTime), NULL, NULL, N'System', NULL, NULL)
GO
INSERT [MON].[DataSensores] ([IdDataSensor], [SerieSensor], [TipoSensor], [Medida], [UnidadMedida], [Chequeado], [Error], [EncimaNormal], [DebajoNormal], [Notificado], [Activo], [FechaRegistro], [FechaModificacion], [FechaEliminacion], [UsuarioRegistro], [UsuarioModificacion], [UsuarioEliminacion]) VALUES (180, N'WIEFW74JF3U3JK3', NULL, 13.311478850437084, N'C', 0, 0, 0, 0, 0, 1, CAST(N'2019-07-22T00:00:00.000' AS DateTime), NULL, NULL, N'System', NULL, NULL)
GO
INSERT [MON].[DataSensores] ([IdDataSensor], [SerieSensor], [TipoSensor], [Medida], [UnidadMedida], [Chequeado], [Error], [EncimaNormal], [DebajoNormal], [Notificado], [Activo], [FechaRegistro], [FechaModificacion], [FechaEliminacion], [UsuarioRegistro], [UsuarioModificacion], [UsuarioEliminacion]) VALUES (181, N'AD23D28UDI22FED', NULL, 17.469186476324307, N'C', 0, 0, 0, 0, 0, 1, CAST(N'2019-09-24T00:00:00.000' AS DateTime), NULL, NULL, N'System', NULL, NULL)
GO
INSERT [MON].[DataSensores] ([IdDataSensor], [SerieSensor], [TipoSensor], [Medida], [UnidadMedida], [Chequeado], [Error], [EncimaNormal], [DebajoNormal], [Notificado], [Activo], [FechaRegistro], [FechaModificacion], [FechaEliminacion], [UsuarioRegistro], [UsuarioModificacion], [UsuarioEliminacion]) VALUES (182, N'WIEFW74JF3U3JK3', NULL, 11.248667413158652, N'C', 0, 0, 0, 0, 0, 1, CAST(N'2019-06-20T00:00:00.000' AS DateTime), NULL, NULL, N'System', NULL, NULL)
GO
INSERT [MON].[DataSensores] ([IdDataSensor], [SerieSensor], [TipoSensor], [Medida], [UnidadMedida], [Chequeado], [Error], [EncimaNormal], [DebajoNormal], [Notificado], [Activo], [FechaRegistro], [FechaModificacion], [FechaEliminacion], [UsuarioRegistro], [UsuarioModificacion], [UsuarioEliminacion]) VALUES (183, N'WIEFW74JF3U3JK3', NULL, 12.723756189934793, N'C', 0, 0, 0, 0, 0, 1, CAST(N'2019-07-13T00:00:00.000' AS DateTime), NULL, NULL, N'System', NULL, NULL)
GO
INSERT [MON].[DataSensores] ([IdDataSensor], [SerieSensor], [TipoSensor], [Medida], [UnidadMedida], [Chequeado], [Error], [EncimaNormal], [DebajoNormal], [Notificado], [Activo], [FechaRegistro], [FechaModificacion], [FechaEliminacion], [UsuarioRegistro], [UsuarioModificacion], [UsuarioEliminacion]) VALUES (184, N'W4F3O3F83HOI33', NULL, 26.10498972628498, N'C', 0, 0, 0, 0, 0, 1, CAST(N'2020-02-03T00:00:00.000' AS DateTime), NULL, NULL, N'System', NULL, NULL)
GO
INSERT [MON].[DataSensores] ([IdDataSensor], [SerieSensor], [TipoSensor], [Medida], [UnidadMedida], [Chequeado], [Error], [EncimaNormal], [DebajoNormal], [Notificado], [Activo], [FechaRegistro], [FechaModificacion], [FechaEliminacion], [UsuarioRegistro], [UsuarioModificacion], [UsuarioEliminacion]) VALUES (185, N'WIEFW74JF3U3JK3', NULL, 8.3894944054491312, N'C', 0, 0, 0, 0, 0, 1, CAST(N'2019-05-08T00:00:00.000' AS DateTime), NULL, NULL, N'System', NULL, NULL)
GO
INSERT [MON].[DataSensores] ([IdDataSensor], [SerieSensor], [TipoSensor], [Medida], [UnidadMedida], [Chequeado], [Error], [EncimaNormal], [DebajoNormal], [Notificado], [Activo], [FechaRegistro], [FechaModificacion], [FechaEliminacion], [UsuarioRegistro], [UsuarioModificacion], [UsuarioEliminacion]) VALUES (186, N'HAU3R7J3IDF72K3', NULL, 2.5504507256906717, N'C', 0, 0, 0, 0, 0, 1, CAST(N'2019-02-07T00:00:00.000' AS DateTime), NULL, NULL, N'System', NULL, NULL)
GO
INSERT [MON].[DataSensores] ([IdDataSensor], [SerieSensor], [TipoSensor], [Medida], [UnidadMedida], [Chequeado], [Error], [EncimaNormal], [DebajoNormal], [Notificado], [Activo], [FechaRegistro], [FechaModificacion], [FechaEliminacion], [UsuarioRegistro], [UsuarioModificacion], [UsuarioEliminacion]) VALUES (187, N'WIEFW74JF3U3JK3', NULL, 8.8275366749277033, N'C', 0, 0, 0, 0, 0, 1, CAST(N'2019-05-14T00:00:00.000' AS DateTime), NULL, NULL, N'System', NULL, NULL)
GO
INSERT [MON].[DataSensores] ([IdDataSensor], [SerieSensor], [TipoSensor], [Medida], [UnidadMedida], [Chequeado], [Error], [EncimaNormal], [DebajoNormal], [Notificado], [Activo], [FechaRegistro], [FechaModificacion], [FechaEliminacion], [UsuarioRegistro], [UsuarioModificacion], [UsuarioEliminacion]) VALUES (188, N'WIEFW74JF3U3JK3', NULL, 9.13626006852661, N'C', 0, 0, 0, 0, 0, 1, CAST(N'2019-05-19T00:00:00.000' AS DateTime), NULL, NULL, N'System', NULL, NULL)
GO
INSERT [MON].[DataSensores] ([IdDataSensor], [SerieSensor], [TipoSensor], [Medida], [UnidadMedida], [Chequeado], [Error], [EncimaNormal], [DebajoNormal], [Notificado], [Activo], [FechaRegistro], [FechaModificacion], [FechaEliminacion], [UsuarioRegistro], [UsuarioModificacion], [UsuarioEliminacion]) VALUES (189, N'AD23D28UDI22FED', NULL, 16.687722796475388, N'C', 0, 0, 0, 0, 0, 1, CAST(N'2019-09-12T00:00:00.000' AS DateTime), NULL, NULL, N'System', NULL, NULL)
GO
INSERT [MON].[DataSensores] ([IdDataSensor], [SerieSensor], [TipoSensor], [Medida], [UnidadMedida], [Chequeado], [Error], [EncimaNormal], [DebajoNormal], [Notificado], [Activo], [FechaRegistro], [FechaModificacion], [FechaEliminacion], [UsuarioRegistro], [UsuarioModificacion], [UsuarioEliminacion]) VALUES (190, N'AD23D28UDI22FED', NULL, 22.948129604779243, N'C', 0, 0, 0, 0, 0, 1, CAST(N'2019-12-17T00:00:00.000' AS DateTime), NULL, NULL, N'System', NULL, NULL)
GO
INSERT [MON].[DataSensores] ([IdDataSensor], [SerieSensor], [TipoSensor], [Medida], [UnidadMedida], [Chequeado], [Error], [EncimaNormal], [DebajoNormal], [Notificado], [Activo], [FechaRegistro], [FechaModificacion], [FechaEliminacion], [UsuarioRegistro], [UsuarioModificacion], [UsuarioEliminacion]) VALUES (191, N'HAU3R7J3IDF72K3', NULL, 3.5607448018438856, N'C', 0, 0, 0, 0, 0, 1, CAST(N'2019-02-23T00:00:00.000' AS DateTime), NULL, NULL, N'System', NULL, NULL)
GO
INSERT [MON].[DataSensores] ([IdDataSensor], [SerieSensor], [TipoSensor], [Medida], [UnidadMedida], [Chequeado], [Error], [EncimaNormal], [DebajoNormal], [Notificado], [Activo], [FechaRegistro], [FechaModificacion], [FechaEliminacion], [UsuarioRegistro], [UsuarioModificacion], [UsuarioEliminacion]) VALUES (192, N'WIEFW74JF3U3JK3', NULL, 10.611863922752375, N'C', 0, 0, 0, 0, 0, 1, CAST(N'2019-06-11T00:00:00.000' AS DateTime), NULL, NULL, N'System', NULL, NULL)
GO
INSERT [MON].[DataSensores] ([IdDataSensor], [SerieSensor], [TipoSensor], [Medida], [UnidadMedida], [Chequeado], [Error], [EncimaNormal], [DebajoNormal], [Notificado], [Activo], [FechaRegistro], [FechaModificacion], [FechaEliminacion], [UsuarioRegistro], [UsuarioModificacion], [UsuarioEliminacion]) VALUES (193, N'AD23D28UDI22FED', NULL, 15.738985230046783, N'C', 0, 0, 0, 0, 0, 1, CAST(N'2019-08-28T00:00:00.000' AS DateTime), NULL, NULL, N'System', NULL, NULL)
GO
INSERT [MON].[DataSensores] ([IdDataSensor], [SerieSensor], [TipoSensor], [Medida], [UnidadMedida], [Chequeado], [Error], [EncimaNormal], [DebajoNormal], [Notificado], [Activo], [FechaRegistro], [FechaModificacion], [FechaEliminacion], [UsuarioRegistro], [UsuarioModificacion], [UsuarioEliminacion]) VALUES (194, N'W4F3O3F83HOI33', NULL, 26.232315199511273, N'C', 0, 0, 0, 0, 0, 1, CAST(N'2020-02-05T00:00:00.000' AS DateTime), NULL, NULL, N'System', NULL, NULL)
GO
INSERT [MON].[DataSensores] ([IdDataSensor], [SerieSensor], [TipoSensor], [Medida], [UnidadMedida], [Chequeado], [Error], [EncimaNormal], [DebajoNormal], [Notificado], [Activo], [FechaRegistro], [FechaModificacion], [FechaEliminacion], [UsuarioRegistro], [UsuarioModificacion], [UsuarioEliminacion]) VALUES (195, N'W4F3O3F83HOI33', NULL, 27.530503750699804, N'C', 0, 0, 0, 0, 0, 1, CAST(N'2020-02-25T00:00:00.000' AS DateTime), NULL, NULL, N'System', NULL, NULL)
GO
INSERT [MON].[DataSensores] ([IdDataSensor], [SerieSensor], [TipoSensor], [Medida], [UnidadMedida], [Chequeado], [Error], [EncimaNormal], [DebajoNormal], [Notificado], [Activo], [FechaRegistro], [FechaModificacion], [FechaEliminacion], [UsuarioRegistro], [UsuarioModificacion], [UsuarioEliminacion]) VALUES (196, N'WIEFW74JF3U3JK3', NULL, 10.065042223951332, N'C', 0, 0, 0, 0, 0, 1, CAST(N'2019-06-02T00:00:00.000' AS DateTime), NULL, NULL, N'System', NULL, NULL)
GO
INSERT [MON].[DataSensores] ([IdDataSensor], [SerieSensor], [TipoSensor], [Medida], [UnidadMedida], [Chequeado], [Error], [EncimaNormal], [DebajoNormal], [Notificado], [Activo], [FechaRegistro], [FechaModificacion], [FechaEliminacion], [UsuarioRegistro], [UsuarioModificacion], [UsuarioEliminacion]) VALUES (197, N'AD23D28UDI22FED', NULL, 21.004041877437402, N'C', 0, 0, 0, 0, 0, 1, CAST(N'2019-11-17T00:00:00.000' AS DateTime), NULL, NULL, N'System', NULL, NULL)
GO
INSERT [MON].[DataSensores] ([IdDataSensor], [SerieSensor], [TipoSensor], [Medida], [UnidadMedida], [Chequeado], [Error], [EncimaNormal], [DebajoNormal], [Notificado], [Activo], [FechaRegistro], [FechaModificacion], [FechaEliminacion], [UsuarioRegistro], [UsuarioModificacion], [UsuarioEliminacion]) VALUES (198, N'W4F3O3F83HOI33', NULL, 24.171623047847124, N'C', 0, 0, 0, 0, 0, 1, CAST(N'2020-01-04T00:00:00.000' AS DateTime), NULL, NULL, N'System', NULL, NULL)
GO
INSERT [MON].[DataSensores] ([IdDataSensor], [SerieSensor], [TipoSensor], [Medida], [UnidadMedida], [Chequeado], [Error], [EncimaNormal], [DebajoNormal], [Notificado], [Activo], [FechaRegistro], [FechaModificacion], [FechaEliminacion], [UsuarioRegistro], [UsuarioModificacion], [UsuarioEliminacion]) VALUES (199, N'W4F3O3F83HOI33', NULL, 26.265849562625327, N'C', 0, 0, 0, 0, 0, 1, CAST(N'2020-02-05T00:00:00.000' AS DateTime), NULL, NULL, N'System', NULL, NULL)
GO
INSERT [MON].[DataSensores] ([IdDataSensor], [SerieSensor], [TipoSensor], [Medida], [UnidadMedida], [Chequeado], [Error], [EncimaNormal], [DebajoNormal], [Notificado], [Activo], [FechaRegistro], [FechaModificacion], [FechaEliminacion], [UsuarioRegistro], [UsuarioModificacion], [UsuarioEliminacion]) VALUES (200, N'AD23D28UDI22FED', NULL, 21.892532076776277, N'C', 0, 0, 0, 0, 0, 1, CAST(N'2019-11-30T00:00:00.000' AS DateTime), NULL, NULL, N'System', NULL, NULL)
GO
INSERT [MON].[DataSensores] ([IdDataSensor], [SerieSensor], [TipoSensor], [Medida], [UnidadMedida], [Chequeado], [Error], [EncimaNormal], [DebajoNormal], [Notificado], [Activo], [FechaRegistro], [FechaModificacion], [FechaEliminacion], [UsuarioRegistro], [UsuarioModificacion], [UsuarioEliminacion]) VALUES (201, N'WIEFW74JF3U3JK3', NULL, 11.660810149070251, N'C', 0, 0, 0, 0, 0, 1, CAST(N'2019-06-27T00:00:00.000' AS DateTime), NULL, NULL, N'System', NULL, NULL)
GO
INSERT [MON].[DataSensores] ([IdDataSensor], [SerieSensor], [TipoSensor], [Medida], [UnidadMedida], [Chequeado], [Error], [EncimaNormal], [DebajoNormal], [Notificado], [Activo], [FechaRegistro], [FechaModificacion], [FechaEliminacion], [UsuarioRegistro], [UsuarioModificacion], [UsuarioEliminacion]) VALUES (202, N'W4F3O3F83HOI33', NULL, 27.688923089759854, N'C', 0, 0, 0, 0, 0, 1, CAST(N'2020-02-27T00:00:00.000' AS DateTime), NULL, NULL, N'System', NULL, NULL)
GO
INSERT [MON].[DataSensores] ([IdDataSensor], [SerieSensor], [TipoSensor], [Medida], [UnidadMedida], [Chequeado], [Error], [EncimaNormal], [DebajoNormal], [Notificado], [Activo], [FechaRegistro], [FechaModificacion], [FechaEliminacion], [UsuarioRegistro], [UsuarioModificacion], [UsuarioEliminacion]) VALUES (203, N'WIEFW74JF3U3JK3', NULL, 10.281297060186647, N'C', 0, 0, 0, 0, 0, 1, CAST(N'2019-06-06T00:00:00.000' AS DateTime), NULL, NULL, N'System', NULL, NULL)
GO
INSERT [MON].[DataSensores] ([IdDataSensor], [SerieSensor], [TipoSensor], [Medida], [UnidadMedida], [Chequeado], [Error], [EncimaNormal], [DebajoNormal], [Notificado], [Activo], [FechaRegistro], [FechaModificacion], [FechaEliminacion], [UsuarioRegistro], [UsuarioModificacion], [UsuarioEliminacion]) VALUES (204, N'W4F3O3F83HOI33', NULL, 24.173740081709688, N'C', 0, 0, 0, 0, 0, 1, CAST(N'2020-01-04T00:00:00.000' AS DateTime), NULL, NULL, N'System', NULL, NULL)
GO
INSERT [MON].[DataSensores] ([IdDataSensor], [SerieSensor], [TipoSensor], [Medida], [UnidadMedida], [Chequeado], [Error], [EncimaNormal], [DebajoNormal], [Notificado], [Activo], [FechaRegistro], [FechaModificacion], [FechaEliminacion], [UsuarioRegistro], [UsuarioModificacion], [UsuarioEliminacion]) VALUES (205, N'AD23D28UDI22FED', NULL, 16.193629880106837, N'C', 0, 0, 0, 0, 0, 1, CAST(N'2019-09-04T00:00:00.000' AS DateTime), NULL, NULL, N'System', NULL, NULL)
GO
INSERT [MON].[DataSensores] ([IdDataSensor], [SerieSensor], [TipoSensor], [Medida], [UnidadMedida], [Chequeado], [Error], [EncimaNormal], [DebajoNormal], [Notificado], [Activo], [FechaRegistro], [FechaModificacion], [FechaEliminacion], [UsuarioRegistro], [UsuarioModificacion], [UsuarioEliminacion]) VALUES (206, N'AD23D28UDI22FED', NULL, 15.542646449358504, N'C', 0, 0, 0, 0, 0, 1, CAST(N'2019-08-25T00:00:00.000' AS DateTime), NULL, NULL, N'System', NULL, NULL)
GO
INSERT [MON].[DataSensores] ([IdDataSensor], [SerieSensor], [TipoSensor], [Medida], [UnidadMedida], [Chequeado], [Error], [EncimaNormal], [DebajoNormal], [Notificado], [Activo], [FechaRegistro], [FechaModificacion], [FechaEliminacion], [UsuarioRegistro], [UsuarioModificacion], [UsuarioEliminacion]) VALUES (207, N'W4F3O3F83HOI33', NULL, 29.579231556634991, N'C', 0, 0, 0, 0, 0, 1, CAST(N'2020-03-27T00:00:00.000' AS DateTime), NULL, NULL, N'System', NULL, NULL)
GO
INSERT [MON].[DataSensores] ([IdDataSensor], [SerieSensor], [TipoSensor], [Medida], [UnidadMedida], [Chequeado], [Error], [EncimaNormal], [DebajoNormal], [Notificado], [Activo], [FechaRegistro], [FechaModificacion], [FechaEliminacion], [UsuarioRegistro], [UsuarioModificacion], [UsuarioEliminacion]) VALUES (208, N'HAU3R7J3IDF72K3', NULL, 5.1893460781729521, N'C', 0, 0, 0, 0, 0, 1, CAST(N'2019-03-19T00:00:00.000' AS DateTime), NULL, NULL, N'System', NULL, NULL)
GO
INSERT [MON].[DataSensores] ([IdDataSensor], [SerieSensor], [TipoSensor], [Medida], [UnidadMedida], [Chequeado], [Error], [EncimaNormal], [DebajoNormal], [Notificado], [Activo], [FechaRegistro], [FechaModificacion], [FechaEliminacion], [UsuarioRegistro], [UsuarioModificacion], [UsuarioEliminacion]) VALUES (209, N'AD23D28UDI22FED', NULL, 20.181099224128342, N'C', 0, 0, 0, 0, 0, 1, CAST(N'2019-11-04T00:00:00.000' AS DateTime), NULL, NULL, N'System', NULL, NULL)
GO
INSERT [MON].[DataSensores] ([IdDataSensor], [SerieSensor], [TipoSensor], [Medida], [UnidadMedida], [Chequeado], [Error], [EncimaNormal], [DebajoNormal], [Notificado], [Activo], [FechaRegistro], [FechaModificacion], [FechaEliminacion], [UsuarioRegistro], [UsuarioModificacion], [UsuarioEliminacion]) VALUES (210, N'AD23D28UDI22FED', NULL, 21.658978652748736, N'C', 0, 0, 0, 0, 0, 1, CAST(N'2019-11-27T00:00:00.000' AS DateTime), NULL, NULL, N'System', NULL, NULL)
GO
INSERT [MON].[DataSensores] ([IdDataSensor], [SerieSensor], [TipoSensor], [Medida], [UnidadMedida], [Chequeado], [Error], [EncimaNormal], [DebajoNormal], [Notificado], [Activo], [FechaRegistro], [FechaModificacion], [FechaEliminacion], [UsuarioRegistro], [UsuarioModificacion], [UsuarioEliminacion]) VALUES (211, N'AD23D28UDI22FED', NULL, 22.557984446574924, N'C', 0, 0, 0, 0, 0, 1, CAST(N'2019-12-11T00:00:00.000' AS DateTime), NULL, NULL, N'System', NULL, NULL)
GO
INSERT [MON].[DataSensores] ([IdDataSensor], [SerieSensor], [TipoSensor], [Medida], [UnidadMedida], [Chequeado], [Error], [EncimaNormal], [DebajoNormal], [Notificado], [Activo], [FechaRegistro], [FechaModificacion], [FechaEliminacion], [UsuarioRegistro], [UsuarioModificacion], [UsuarioEliminacion]) VALUES (212, N'HAU3R7J3IDF72K3', NULL, 6.19147445638267, N'C', 0, 0, 0, 0, 0, 1, CAST(N'2019-04-04T00:00:00.000' AS DateTime), NULL, NULL, N'System', NULL, NULL)
GO
INSERT [MON].[DataSensores] ([IdDataSensor], [SerieSensor], [TipoSensor], [Medida], [UnidadMedida], [Chequeado], [Error], [EncimaNormal], [DebajoNormal], [Notificado], [Activo], [FechaRegistro], [FechaModificacion], [FechaEliminacion], [UsuarioRegistro], [UsuarioModificacion], [UsuarioEliminacion]) VALUES (213, N'WIEFW74JF3U3JK3', NULL, 10.499972328729912, N'C', 0, 0, 0, 0, 0, 1, CAST(N'2019-06-09T00:00:00.000' AS DateTime), NULL, NULL, N'System', NULL, NULL)
GO
INSERT [MON].[DataSensores] ([IdDataSensor], [SerieSensor], [TipoSensor], [Medida], [UnidadMedida], [Chequeado], [Error], [EncimaNormal], [DebajoNormal], [Notificado], [Activo], [FechaRegistro], [FechaModificacion], [FechaEliminacion], [UsuarioRegistro], [UsuarioModificacion], [UsuarioEliminacion]) VALUES (214, N'HAU3R7J3IDF72K3', NULL, 1.0758302989303274, N'C', 0, 0, 0, 0, 0, 1, CAST(N'2019-01-15T00:00:00.000' AS DateTime), NULL, NULL, N'System', NULL, NULL)
GO
INSERT [MON].[DataSensores] ([IdDataSensor], [SerieSensor], [TipoSensor], [Medida], [UnidadMedida], [Chequeado], [Error], [EncimaNormal], [DebajoNormal], [Notificado], [Activo], [FechaRegistro], [FechaModificacion], [FechaEliminacion], [UsuarioRegistro], [UsuarioModificacion], [UsuarioEliminacion]) VALUES (215, N'W4F3O3F83HOI33', NULL, 24.221047191005688, N'C', 0, 0, 0, 0, 0, 1, CAST(N'2020-01-05T00:00:00.000' AS DateTime), NULL, NULL, N'System', NULL, NULL)
GO
INSERT [MON].[DataSensores] ([IdDataSensor], [SerieSensor], [TipoSensor], [Medida], [UnidadMedida], [Chequeado], [Error], [EncimaNormal], [DebajoNormal], [Notificado], [Activo], [FechaRegistro], [FechaModificacion], [FechaEliminacion], [UsuarioRegistro], [UsuarioModificacion], [UsuarioEliminacion]) VALUES (216, N'HAU3R7J3IDF72K3', NULL, 5.2620883868830681, N'C', 0, 0, 0, 0, 0, 1, CAST(N'2019-03-21T00:00:00.000' AS DateTime), NULL, NULL, N'System', NULL, NULL)
GO
INSERT [MON].[DataSensores] ([IdDataSensor], [SerieSensor], [TipoSensor], [Medida], [UnidadMedida], [Chequeado], [Error], [EncimaNormal], [DebajoNormal], [Notificado], [Activo], [FechaRegistro], [FechaModificacion], [FechaEliminacion], [UsuarioRegistro], [UsuarioModificacion], [UsuarioEliminacion]) VALUES (217, N'W4F3O3F83HOI33', NULL, 25.680006655855106, N'C', 0, 0, 0, 0, 0, 1, CAST(N'2020-01-28T00:00:00.000' AS DateTime), NULL, NULL, N'System', NULL, NULL)
GO
INSERT [MON].[DataSensores] ([IdDataSensor], [SerieSensor], [TipoSensor], [Medida], [UnidadMedida], [Chequeado], [Error], [EncimaNormal], [DebajoNormal], [Notificado], [Activo], [FechaRegistro], [FechaModificacion], [FechaEliminacion], [UsuarioRegistro], [UsuarioModificacion], [UsuarioEliminacion]) VALUES (218, N'W4F3O3F83HOI33', NULL, 26.190021479171708, N'C', 0, 0, 0, 0, 0, 1, CAST(N'2020-02-04T00:00:00.000' AS DateTime), NULL, NULL, N'System', NULL, NULL)
GO
INSERT [MON].[DataSensores] ([IdDataSensor], [SerieSensor], [TipoSensor], [Medida], [UnidadMedida], [Chequeado], [Error], [EncimaNormal], [DebajoNormal], [Notificado], [Activo], [FechaRegistro], [FechaModificacion], [FechaEliminacion], [UsuarioRegistro], [UsuarioModificacion], [UsuarioEliminacion]) VALUES (219, N'WIEFW74JF3U3JK3', NULL, 7.8896514474366084, N'C', 0, 0, 0, 0, 0, 1, CAST(N'2019-04-30T00:00:00.000' AS DateTime), NULL, NULL, N'System', NULL, NULL)
GO
INSERT [MON].[DataSensores] ([IdDataSensor], [SerieSensor], [TipoSensor], [Medida], [UnidadMedida], [Chequeado], [Error], [EncimaNormal], [DebajoNormal], [Notificado], [Activo], [FechaRegistro], [FechaModificacion], [FechaEliminacion], [UsuarioRegistro], [UsuarioModificacion], [UsuarioEliminacion]) VALUES (220, N'HAU3R7J3IDF72K3', NULL, 1.9448434625961089, N'C', 0, 0, 0, 0, 0, 1, CAST(N'2019-01-29T00:00:00.000' AS DateTime), NULL, NULL, N'System', NULL, NULL)
GO
INSERT [MON].[DataSensores] ([IdDataSensor], [SerieSensor], [TipoSensor], [Medida], [UnidadMedida], [Chequeado], [Error], [EncimaNormal], [DebajoNormal], [Notificado], [Activo], [FechaRegistro], [FechaModificacion], [FechaEliminacion], [UsuarioRegistro], [UsuarioModificacion], [UsuarioEliminacion]) VALUES (221, N'AD23D28UDI22FED', NULL, 15.866720765906722, N'C', 0, 0, 0, 0, 0, 1, CAST(N'2019-08-30T00:00:00.000' AS DateTime), NULL, NULL, N'System', NULL, NULL)
GO
INSERT [MON].[DataSensores] ([IdDataSensor], [SerieSensor], [TipoSensor], [Medida], [UnidadMedida], [Chequeado], [Error], [EncimaNormal], [DebajoNormal], [Notificado], [Activo], [FechaRegistro], [FechaModificacion], [FechaEliminacion], [UsuarioRegistro], [UsuarioModificacion], [UsuarioEliminacion]) VALUES (222, N'AD23D28UDI22FED', NULL, 18.485250386588859, N'C', 0, 0, 0, 0, 0, 1, CAST(N'2019-10-09T00:00:00.000' AS DateTime), NULL, NULL, N'System', NULL, NULL)
GO
INSERT [MON].[DataSensores] ([IdDataSensor], [SerieSensor], [TipoSensor], [Medida], [UnidadMedida], [Chequeado], [Error], [EncimaNormal], [DebajoNormal], [Notificado], [Activo], [FechaRegistro], [FechaModificacion], [FechaEliminacion], [UsuarioRegistro], [UsuarioModificacion], [UsuarioEliminacion]) VALUES (223, N'WIEFW74JF3U3JK3', NULL, 10.849277781485242, N'C', 0, 0, 0, 0, 0, 1, CAST(N'2019-06-14T00:00:00.000' AS DateTime), NULL, NULL, N'System', NULL, NULL)
GO
INSERT [MON].[DataSensores] ([IdDataSensor], [SerieSensor], [TipoSensor], [Medida], [UnidadMedida], [Chequeado], [Error], [EncimaNormal], [DebajoNormal], [Notificado], [Activo], [FechaRegistro], [FechaModificacion], [FechaEliminacion], [UsuarioRegistro], [UsuarioModificacion], [UsuarioEliminacion]) VALUES (224, N'AD23D28UDI22FED', NULL, 16.236797151033205, N'C', 0, 0, 0, 0, 0, 1, CAST(N'2019-09-05T00:00:00.000' AS DateTime), NULL, NULL, N'System', NULL, NULL)
GO
INSERT [MON].[DataSensores] ([IdDataSensor], [SerieSensor], [TipoSensor], [Medida], [UnidadMedida], [Chequeado], [Error], [EncimaNormal], [DebajoNormal], [Notificado], [Activo], [FechaRegistro], [FechaModificacion], [FechaEliminacion], [UsuarioRegistro], [UsuarioModificacion], [UsuarioEliminacion]) VALUES (225, N'WIEFW74JF3U3JK3', NULL, 8.7398108517005149, N'C', 0, 0, 0, 0, 0, 1, CAST(N'2019-05-13T00:00:00.000' AS DateTime), NULL, NULL, N'System', NULL, NULL)
GO
INSERT [MON].[DataSensores] ([IdDataSensor], [SerieSensor], [TipoSensor], [Medida], [UnidadMedida], [Chequeado], [Error], [EncimaNormal], [DebajoNormal], [Notificado], [Activo], [FechaRegistro], [FechaModificacion], [FechaEliminacion], [UsuarioRegistro], [UsuarioModificacion], [UsuarioEliminacion]) VALUES (226, N'AD23D28UDI22FED', NULL, 17.456058821154787, N'C', 0, 0, 0, 0, 0, 1, CAST(N'2019-09-23T00:00:00.000' AS DateTime), NULL, NULL, N'System', NULL, NULL)
GO
INSERT [MON].[DataSensores] ([IdDataSensor], [SerieSensor], [TipoSensor], [Medida], [UnidadMedida], [Chequeado], [Error], [EncimaNormal], [DebajoNormal], [Notificado], [Activo], [FechaRegistro], [FechaModificacion], [FechaEliminacion], [UsuarioRegistro], [UsuarioModificacion], [UsuarioEliminacion]) VALUES (227, N'WIEFW74JF3U3JK3', NULL, 11.549284916487189, N'C', 0, 0, 0, 0, 0, 1, CAST(N'2019-06-25T00:00:00.000' AS DateTime), NULL, NULL, N'System', NULL, NULL)
GO
INSERT [MON].[DataSensores] ([IdDataSensor], [SerieSensor], [TipoSensor], [Medida], [UnidadMedida], [Chequeado], [Error], [EncimaNormal], [DebajoNormal], [Notificado], [Activo], [FechaRegistro], [FechaModificacion], [FechaEliminacion], [UsuarioRegistro], [UsuarioModificacion], [UsuarioEliminacion]) VALUES (228, N'AD23D28UDI22FED', NULL, 17.420812954623631, N'C', 0, 0, 0, 0, 0, 1, CAST(N'2019-09-23T00:00:00.000' AS DateTime), NULL, NULL, N'System', NULL, NULL)
GO
INSERT [MON].[DataSensores] ([IdDataSensor], [SerieSensor], [TipoSensor], [Medida], [UnidadMedida], [Chequeado], [Error], [EncimaNormal], [DebajoNormal], [Notificado], [Activo], [FechaRegistro], [FechaModificacion], [FechaEliminacion], [UsuarioRegistro], [UsuarioModificacion], [UsuarioEliminacion]) VALUES (229, N'WIEFW74JF3U3JK3', NULL, 11.767403572084103, N'C', 0, 0, 0, 0, 0, 1, CAST(N'2019-06-28T00:00:00.000' AS DateTime), NULL, NULL, N'System', NULL, NULL)
GO
INSERT [MON].[DataSensores] ([IdDataSensor], [SerieSensor], [TipoSensor], [Medida], [UnidadMedida], [Chequeado], [Error], [EncimaNormal], [DebajoNormal], [Notificado], [Activo], [FechaRegistro], [FechaModificacion], [FechaEliminacion], [UsuarioRegistro], [UsuarioModificacion], [UsuarioEliminacion]) VALUES (230, N'AD23D28UDI22FED', NULL, 20.708599344179312, N'C', 0, 0, 0, 0, 0, 1, CAST(N'2019-11-12T00:00:00.000' AS DateTime), NULL, NULL, N'System', NULL, NULL)
GO
INSERT [MON].[DataSensores] ([IdDataSensor], [SerieSensor], [TipoSensor], [Medida], [UnidadMedida], [Chequeado], [Error], [EncimaNormal], [DebajoNormal], [Notificado], [Activo], [FechaRegistro], [FechaModificacion], [FechaEliminacion], [UsuarioRegistro], [UsuarioModificacion], [UsuarioEliminacion]) VALUES (231, N'AD23D28UDI22FED', NULL, 17.641863735179353, N'C', 0, 0, 0, 0, 0, 1, CAST(N'2019-09-26T00:00:00.000' AS DateTime), NULL, NULL, N'System', NULL, NULL)
GO
INSERT [MON].[DataSensores] ([IdDataSensor], [SerieSensor], [TipoSensor], [Medida], [UnidadMedida], [Chequeado], [Error], [EncimaNormal], [DebajoNormal], [Notificado], [Activo], [FechaRegistro], [FechaModificacion], [FechaEliminacion], [UsuarioRegistro], [UsuarioModificacion], [UsuarioEliminacion]) VALUES (232, N'W4F3O3F83HOI33', NULL, 26.493304396790126, N'C', 0, 0, 0, 0, 0, 1, CAST(N'2020-02-09T00:00:00.000' AS DateTime), NULL, NULL, N'System', NULL, NULL)
GO
INSERT [MON].[DataSensores] ([IdDataSensor], [SerieSensor], [TipoSensor], [Medida], [UnidadMedida], [Chequeado], [Error], [EncimaNormal], [DebajoNormal], [Notificado], [Activo], [FechaRegistro], [FechaModificacion], [FechaEliminacion], [UsuarioRegistro], [UsuarioModificacion], [UsuarioEliminacion]) VALUES (233, N'AD23D28UDI22FED', NULL, 22.830903424476695, N'C', 0, 0, 0, 0, 0, 1, CAST(N'2019-12-15T00:00:00.000' AS DateTime), NULL, NULL, N'System', NULL, NULL)
GO
INSERT [MON].[DataSensores] ([IdDataSensor], [SerieSensor], [TipoSensor], [Medida], [UnidadMedida], [Chequeado], [Error], [EncimaNormal], [DebajoNormal], [Notificado], [Activo], [FechaRegistro], [FechaModificacion], [FechaEliminacion], [UsuarioRegistro], [UsuarioModificacion], [UsuarioEliminacion]) VALUES (234, N'WIEFW74JF3U3JK3', NULL, 15.18968426654566, N'C', 0, 0, 0, 0, 0, 1, CAST(N'2019-08-20T00:00:00.000' AS DateTime), NULL, NULL, N'System', NULL, NULL)
GO
INSERT [MON].[DataSensores] ([IdDataSensor], [SerieSensor], [TipoSensor], [Medida], [UnidadMedida], [Chequeado], [Error], [EncimaNormal], [DebajoNormal], [Notificado], [Activo], [FechaRegistro], [FechaModificacion], [FechaEliminacion], [UsuarioRegistro], [UsuarioModificacion], [UsuarioEliminacion]) VALUES (235, N'HAU3R7J3IDF72K3', NULL, 1.7506687013668327, N'C', 0, 0, 0, 0, 0, 1, CAST(N'2019-01-26T00:00:00.000' AS DateTime), NULL, NULL, N'System', NULL, NULL)
GO
INSERT [MON].[DataSensores] ([IdDataSensor], [SerieSensor], [TipoSensor], [Medida], [UnidadMedida], [Chequeado], [Error], [EncimaNormal], [DebajoNormal], [Notificado], [Activo], [FechaRegistro], [FechaModificacion], [FechaEliminacion], [UsuarioRegistro], [UsuarioModificacion], [UsuarioEliminacion]) VALUES (236, N'AD23D28UDI22FED', NULL, 20.680263386564452, N'C', 0, 0, 0, 0, 0, 1, CAST(N'2019-11-12T00:00:00.000' AS DateTime), NULL, NULL, N'System', NULL, NULL)
GO
INSERT [MON].[DataSensores] ([IdDataSensor], [SerieSensor], [TipoSensor], [Medida], [UnidadMedida], [Chequeado], [Error], [EncimaNormal], [DebajoNormal], [Notificado], [Activo], [FechaRegistro], [FechaModificacion], [FechaEliminacion], [UsuarioRegistro], [UsuarioModificacion], [UsuarioEliminacion]) VALUES (237, N'HAU3R7J3IDF72K3', NULL, 1.0673703529720056, N'C', 0, 0, 0, 0, 0, 1, CAST(N'2019-01-15T00:00:00.000' AS DateTime), NULL, NULL, N'System', NULL, NULL)
GO
INSERT [MON].[DataSensores] ([IdDataSensor], [SerieSensor], [TipoSensor], [Medida], [UnidadMedida], [Chequeado], [Error], [EncimaNormal], [DebajoNormal], [Notificado], [Activo], [FechaRegistro], [FechaModificacion], [FechaEliminacion], [UsuarioRegistro], [UsuarioModificacion], [UsuarioEliminacion]) VALUES (238, N'AD23D28UDI22FED', NULL, 19.450016108225107, N'C', 0, 0, 0, 0, 0, 1, CAST(N'2019-10-24T00:00:00.000' AS DateTime), NULL, NULL, N'System', NULL, NULL)
GO
INSERT [MON].[DataSensores] ([IdDataSensor], [SerieSensor], [TipoSensor], [Medida], [UnidadMedida], [Chequeado], [Error], [EncimaNormal], [DebajoNormal], [Notificado], [Activo], [FechaRegistro], [FechaModificacion], [FechaEliminacion], [UsuarioRegistro], [UsuarioModificacion], [UsuarioEliminacion]) VALUES (239, N'WIEFW74JF3U3JK3', NULL, 10.011359846178143, N'C', 0, 0, 0, 0, 0, 1, CAST(N'2019-06-01T00:00:00.000' AS DateTime), NULL, NULL, N'System', NULL, NULL)
GO
INSERT [MON].[DataSensores] ([IdDataSensor], [SerieSensor], [TipoSensor], [Medida], [UnidadMedida], [Chequeado], [Error], [EncimaNormal], [DebajoNormal], [Notificado], [Activo], [FechaRegistro], [FechaModificacion], [FechaEliminacion], [UsuarioRegistro], [UsuarioModificacion], [UsuarioEliminacion]) VALUES (240, N'W4F3O3F83HOI33', NULL, 23.74684795609063, N'C', 0, 0, 0, 0, 0, 1, CAST(N'2019-12-29T00:00:00.000' AS DateTime), NULL, NULL, N'System', NULL, NULL)
GO
INSERT [MON].[DataSensores] ([IdDataSensor], [SerieSensor], [TipoSensor], [Medida], [UnidadMedida], [Chequeado], [Error], [EncimaNormal], [DebajoNormal], [Notificado], [Activo], [FechaRegistro], [FechaModificacion], [FechaEliminacion], [UsuarioRegistro], [UsuarioModificacion], [UsuarioEliminacion]) VALUES (241, N'HAU3R7J3IDF72K3', NULL, 3.8712191690556792, N'C', 0, 0, 0, 0, 0, 1, CAST(N'2019-02-27T00:00:00.000' AS DateTime), NULL, NULL, N'System', NULL, NULL)
GO
INSERT [MON].[DataSensores] ([IdDataSensor], [SerieSensor], [TipoSensor], [Medida], [UnidadMedida], [Chequeado], [Error], [EncimaNormal], [DebajoNormal], [Notificado], [Activo], [FechaRegistro], [FechaModificacion], [FechaEliminacion], [UsuarioRegistro], [UsuarioModificacion], [UsuarioEliminacion]) VALUES (242, N'HAU3R7J3IDF72K3', NULL, 3.7381905967547513, N'C', 0, 0, 0, 0, 0, 1, CAST(N'2019-02-25T00:00:00.000' AS DateTime), NULL, NULL, N'System', NULL, NULL)
GO
INSERT [MON].[DataSensores] ([IdDataSensor], [SerieSensor], [TipoSensor], [Medida], [UnidadMedida], [Chequeado], [Error], [EncimaNormal], [DebajoNormal], [Notificado], [Activo], [FechaRegistro], [FechaModificacion], [FechaEliminacion], [UsuarioRegistro], [UsuarioModificacion], [UsuarioEliminacion]) VALUES (243, N'AD23D28UDI22FED', NULL, 19.85516084439827, N'C', 0, 0, 0, 0, 0, 1, CAST(N'2019-10-30T00:00:00.000' AS DateTime), NULL, NULL, N'System', NULL, NULL)
GO
INSERT [MON].[DataSensores] ([IdDataSensor], [SerieSensor], [TipoSensor], [Medida], [UnidadMedida], [Chequeado], [Error], [EncimaNormal], [DebajoNormal], [Notificado], [Activo], [FechaRegistro], [FechaModificacion], [FechaEliminacion], [UsuarioRegistro], [UsuarioModificacion], [UsuarioEliminacion]) VALUES (244, N'W4F3O3F83HOI33', NULL, 25.92874414372665, N'C', 0, 0, 0, 0, 0, 1, CAST(N'2020-01-31T00:00:00.000' AS DateTime), NULL, NULL, N'System', NULL, NULL)
GO
INSERT [MON].[DataSensores] ([IdDataSensor], [SerieSensor], [TipoSensor], [Medida], [UnidadMedida], [Chequeado], [Error], [EncimaNormal], [DebajoNormal], [Notificado], [Activo], [FechaRegistro], [FechaModificacion], [FechaEliminacion], [UsuarioRegistro], [UsuarioModificacion], [UsuarioEliminacion]) VALUES (245, N'HAU3R7J3IDF72K3', NULL, 0.49014515820431759, N'C', 0, 0, 0, 0, 0, 1, CAST(N'2019-01-06T00:00:00.000' AS DateTime), NULL, NULL, N'System', NULL, NULL)
GO
INSERT [MON].[DataSensores] ([IdDataSensor], [SerieSensor], [TipoSensor], [Medida], [UnidadMedida], [Chequeado], [Error], [EncimaNormal], [DebajoNormal], [Notificado], [Activo], [FechaRegistro], [FechaModificacion], [FechaEliminacion], [UsuarioRegistro], [UsuarioModificacion], [UsuarioEliminacion]) VALUES (246, N'W4F3O3F83HOI33', NULL, 28.269270345461216, N'C', 0, 0, 0, 0, 0, 1, CAST(N'2020-03-07T00:00:00.000' AS DateTime), NULL, NULL, N'System', NULL, NULL)
GO
INSERT [MON].[DataSensores] ([IdDataSensor], [SerieSensor], [TipoSensor], [Medida], [UnidadMedida], [Chequeado], [Error], [EncimaNormal], [DebajoNormal], [Notificado], [Activo], [FechaRegistro], [FechaModificacion], [FechaEliminacion], [UsuarioRegistro], [UsuarioModificacion], [UsuarioEliminacion]) VALUES (247, N'HAU3R7J3IDF72K3', NULL, 0.21189159402246194, N'C', 0, 0, 0, 0, 0, 1, CAST(N'2019-01-02T00:00:00.000' AS DateTime), NULL, NULL, N'System', NULL, NULL)
GO
INSERT [MON].[DataSensores] ([IdDataSensor], [SerieSensor], [TipoSensor], [Medida], [UnidadMedida], [Chequeado], [Error], [EncimaNormal], [DebajoNormal], [Notificado], [Activo], [FechaRegistro], [FechaModificacion], [FechaEliminacion], [UsuarioRegistro], [UsuarioModificacion], [UsuarioEliminacion]) VALUES (248, N'WIEFW74JF3U3JK3', NULL, 14.763154931116455, N'C', 0, 0, 0, 0, 0, 1, CAST(N'2019-08-13T00:00:00.000' AS DateTime), NULL, NULL, N'System', NULL, NULL)
GO
INSERT [MON].[DataSensores] ([IdDataSensor], [SerieSensor], [TipoSensor], [Medida], [UnidadMedida], [Chequeado], [Error], [EncimaNormal], [DebajoNormal], [Notificado], [Activo], [FechaRegistro], [FechaModificacion], [FechaEliminacion], [UsuarioRegistro], [UsuarioModificacion], [UsuarioEliminacion]) VALUES (249, N'HAU3R7J3IDF72K3', NULL, 2.1112680085055846, N'C', 0, 0, 0, 0, 0, 1, CAST(N'2019-01-31T00:00:00.000' AS DateTime), NULL, NULL, N'System', NULL, NULL)
GO
INSERT [MON].[DataSensores] ([IdDataSensor], [SerieSensor], [TipoSensor], [Medida], [UnidadMedida], [Chequeado], [Error], [EncimaNormal], [DebajoNormal], [Notificado], [Activo], [FechaRegistro], [FechaModificacion], [FechaEliminacion], [UsuarioRegistro], [UsuarioModificacion], [UsuarioEliminacion]) VALUES (250, N'AD23D28UDI22FED', NULL, 22.368415363816737, N'C', 0, 0, 0, 0, 0, 1, CAST(N'2019-12-08T00:00:00.000' AS DateTime), NULL, NULL, N'System', NULL, NULL)
GO
INSERT [MON].[DataSensores] ([IdDataSensor], [SerieSensor], [TipoSensor], [Medida], [UnidadMedida], [Chequeado], [Error], [EncimaNormal], [DebajoNormal], [Notificado], [Activo], [FechaRegistro], [FechaModificacion], [FechaEliminacion], [UsuarioRegistro], [UsuarioModificacion], [UsuarioEliminacion]) VALUES (251, N'WIEFW74JF3U3JK3', NULL, 15.285035568096225, N'C', 0, 0, 0, 0, 0, 1, CAST(N'2019-08-21T00:00:00.000' AS DateTime), NULL, NULL, N'System', NULL, NULL)
GO
INSERT [MON].[DataSensores] ([IdDataSensor], [SerieSensor], [TipoSensor], [Medida], [UnidadMedida], [Chequeado], [Error], [EncimaNormal], [DebajoNormal], [Notificado], [Activo], [FechaRegistro], [FechaModificacion], [FechaEliminacion], [UsuarioRegistro], [UsuarioModificacion], [UsuarioEliminacion]) VALUES (252, N'W4F3O3F83HOI33', NULL, 25.714020398265692, N'C', 0, 0, 0, 0, 0, 1, CAST(N'2020-01-28T00:00:00.000' AS DateTime), NULL, NULL, N'System', NULL, NULL)
GO
INSERT [MON].[DataSensores] ([IdDataSensor], [SerieSensor], [TipoSensor], [Medida], [UnidadMedida], [Chequeado], [Error], [EncimaNormal], [DebajoNormal], [Notificado], [Activo], [FechaRegistro], [FechaModificacion], [FechaEliminacion], [UsuarioRegistro], [UsuarioModificacion], [UsuarioEliminacion]) VALUES (253, N'AD23D28UDI22FED', NULL, 16.381971600410516, N'C', 0, 0, 0, 0, 0, 1, CAST(N'2019-09-07T00:00:00.000' AS DateTime), NULL, NULL, N'System', NULL, NULL)
GO
INSERT [MON].[DataSensores] ([IdDataSensor], [SerieSensor], [TipoSensor], [Medida], [UnidadMedida], [Chequeado], [Error], [EncimaNormal], [DebajoNormal], [Notificado], [Activo], [FechaRegistro], [FechaModificacion], [FechaEliminacion], [UsuarioRegistro], [UsuarioModificacion], [UsuarioEliminacion]) VALUES (254, N'W4F3O3F83HOI33', NULL, 24.421006100029221, N'C', 0, 0, 0, 0, 0, 1, CAST(N'2020-01-08T00:00:00.000' AS DateTime), NULL, NULL, N'System', NULL, NULL)
GO
INSERT [MON].[DataSensores] ([IdDataSensor], [SerieSensor], [TipoSensor], [Medida], [UnidadMedida], [Chequeado], [Error], [EncimaNormal], [DebajoNormal], [Notificado], [Activo], [FechaRegistro], [FechaModificacion], [FechaEliminacion], [UsuarioRegistro], [UsuarioModificacion], [UsuarioEliminacion]) VALUES (255, N'HAU3R7J3IDF72K3', NULL, 6.1258113108695529, N'C', 0, 0, 0, 0, 0, 1, CAST(N'2019-04-03T00:00:00.000' AS DateTime), NULL, NULL, N'System', NULL, NULL)
GO
INSERT [MON].[DataSensores] ([IdDataSensor], [SerieSensor], [TipoSensor], [Medida], [UnidadMedida], [Chequeado], [Error], [EncimaNormal], [DebajoNormal], [Notificado], [Activo], [FechaRegistro], [FechaModificacion], [FechaEliminacion], [UsuarioRegistro], [UsuarioModificacion], [UsuarioEliminacion]) VALUES (256, N'W4F3O3F83HOI33', NULL, 24.075559762481397, N'C', 0, 0, 0, 0, 0, 1, CAST(N'2020-01-03T00:00:00.000' AS DateTime), NULL, NULL, N'System', NULL, NULL)
GO
INSERT [MON].[DataSensores] ([IdDataSensor], [SerieSensor], [TipoSensor], [Medida], [UnidadMedida], [Chequeado], [Error], [EncimaNormal], [DebajoNormal], [Notificado], [Activo], [FechaRegistro], [FechaModificacion], [FechaEliminacion], [UsuarioRegistro], [UsuarioModificacion], [UsuarioEliminacion]) VALUES (257, N'AD23D28UDI22FED', NULL, 16.93964530827461, N'C', 0, 0, 0, 0, 0, 1, CAST(N'2019-09-16T00:00:00.000' AS DateTime), NULL, NULL, N'System', NULL, NULL)
GO
INSERT [MON].[DataSensores] ([IdDataSensor], [SerieSensor], [TipoSensor], [Medida], [UnidadMedida], [Chequeado], [Error], [EncimaNormal], [DebajoNormal], [Notificado], [Activo], [FechaRegistro], [FechaModificacion], [FechaEliminacion], [UsuarioRegistro], [UsuarioModificacion], [UsuarioEliminacion]) VALUES (258, N'W4F3O3F83HOI33', NULL, 24.944499909153443, N'C', 0, 0, 0, 0, 0, 1, CAST(N'2020-01-16T00:00:00.000' AS DateTime), NULL, NULL, N'System', NULL, NULL)
GO
INSERT [MON].[DataSensores] ([IdDataSensor], [SerieSensor], [TipoSensor], [Medida], [UnidadMedida], [Chequeado], [Error], [EncimaNormal], [DebajoNormal], [Notificado], [Activo], [FechaRegistro], [FechaModificacion], [FechaEliminacion], [UsuarioRegistro], [UsuarioModificacion], [UsuarioEliminacion]) VALUES (259, N'AD23D28UDI22FED', NULL, 15.53392923000917, N'C', 0, 0, 0, 0, 0, 1, CAST(N'2019-08-25T00:00:00.000' AS DateTime), NULL, NULL, N'System', NULL, NULL)
GO
INSERT [MON].[DataSensores] ([IdDataSensor], [SerieSensor], [TipoSensor], [Medida], [UnidadMedida], [Chequeado], [Error], [EncimaNormal], [DebajoNormal], [Notificado], [Activo], [FechaRegistro], [FechaModificacion], [FechaEliminacion], [UsuarioRegistro], [UsuarioModificacion], [UsuarioEliminacion]) VALUES (260, N'W4F3O3F83HOI33', NULL, 29.637571058952048, N'C', 0, 0, 0, 0, 0, 1, CAST(N'2020-03-28T00:00:00.000' AS DateTime), NULL, NULL, N'System', NULL, NULL)
GO
INSERT [MON].[DataSensores] ([IdDataSensor], [SerieSensor], [TipoSensor], [Medida], [UnidadMedida], [Chequeado], [Error], [EncimaNormal], [DebajoNormal], [Notificado], [Activo], [FechaRegistro], [FechaModificacion], [FechaEliminacion], [UsuarioRegistro], [UsuarioModificacion], [UsuarioEliminacion]) VALUES (261, N'HAU3R7J3IDF72K3', NULL, 4.0933615328713131, N'C', 0, 0, 0, 0, 0, 1, CAST(N'2019-03-03T00:00:00.000' AS DateTime), NULL, NULL, N'System', NULL, NULL)
GO
INSERT [MON].[DataSensores] ([IdDataSensor], [SerieSensor], [TipoSensor], [Medida], [UnidadMedida], [Chequeado], [Error], [EncimaNormal], [DebajoNormal], [Notificado], [Activo], [FechaRegistro], [FechaModificacion], [FechaEliminacion], [UsuarioRegistro], [UsuarioModificacion], [UsuarioEliminacion]) VALUES (262, N'WIEFW74JF3U3JK3', NULL, 12.258418602011359, N'C', 0, 0, 0, 0, 0, 1, CAST(N'2019-07-06T00:00:00.000' AS DateTime), NULL, NULL, N'System', NULL, NULL)
GO
INSERT [MON].[DataSensores] ([IdDataSensor], [SerieSensor], [TipoSensor], [Medida], [UnidadMedida], [Chequeado], [Error], [EncimaNormal], [DebajoNormal], [Notificado], [Activo], [FechaRegistro], [FechaModificacion], [FechaEliminacion], [UsuarioRegistro], [UsuarioModificacion], [UsuarioEliminacion]) VALUES (263, N'W4F3O3F83HOI33', NULL, 24.321942506088849, N'C', 0, 0, 0, 0, 0, 1, CAST(N'2020-01-07T00:00:00.000' AS DateTime), NULL, NULL, N'System', NULL, NULL)
GO
INSERT [MON].[DataSensores] ([IdDataSensor], [SerieSensor], [TipoSensor], [Medida], [UnidadMedida], [Chequeado], [Error], [EncimaNormal], [DebajoNormal], [Notificado], [Activo], [FechaRegistro], [FechaModificacion], [FechaEliminacion], [UsuarioRegistro], [UsuarioModificacion], [UsuarioEliminacion]) VALUES (264, N'W4F3O3F83HOI33', NULL, 30.372499879949029, N'C', 0, 0, 0, 0, 0, 1, CAST(N'2020-04-08T00:00:00.000' AS DateTime), NULL, NULL, N'System', NULL, NULL)
GO
INSERT [MON].[DataSensores] ([IdDataSensor], [SerieSensor], [TipoSensor], [Medida], [UnidadMedida], [Chequeado], [Error], [EncimaNormal], [DebajoNormal], [Notificado], [Activo], [FechaRegistro], [FechaModificacion], [FechaEliminacion], [UsuarioRegistro], [UsuarioModificacion], [UsuarioEliminacion]) VALUES (265, N'HAU3R7J3IDF72K3', NULL, 4.1171149175693813, N'C', 0, 0, 0, 0, 0, 1, CAST(N'2019-03-03T00:00:00.000' AS DateTime), NULL, NULL, N'System', NULL, NULL)
GO
INSERT [MON].[DataSensores] ([IdDataSensor], [SerieSensor], [TipoSensor], [Medida], [UnidadMedida], [Chequeado], [Error], [EncimaNormal], [DebajoNormal], [Notificado], [Activo], [FechaRegistro], [FechaModificacion], [FechaEliminacion], [UsuarioRegistro], [UsuarioModificacion], [UsuarioEliminacion]) VALUES (266, N'W4F3O3F83HOI33', NULL, 26.964680049784796, N'C', 0, 0, 0, 0, 0, 1, CAST(N'2020-02-16T00:00:00.000' AS DateTime), NULL, NULL, N'System', NULL, NULL)
GO
INSERT [MON].[DataSensores] ([IdDataSensor], [SerieSensor], [TipoSensor], [Medida], [UnidadMedida], [Chequeado], [Error], [EncimaNormal], [DebajoNormal], [Notificado], [Activo], [FechaRegistro], [FechaModificacion], [FechaEliminacion], [UsuarioRegistro], [UsuarioModificacion], [UsuarioEliminacion]) VALUES (267, N'WIEFW74JF3U3JK3', NULL, 14.260571031905974, N'C', 0, 0, 0, 0, 0, 1, CAST(N'2019-08-06T00:00:00.000' AS DateTime), NULL, NULL, N'System', NULL, NULL)
GO
INSERT [MON].[DataSensores] ([IdDataSensor], [SerieSensor], [TipoSensor], [Medida], [UnidadMedida], [Chequeado], [Error], [EncimaNormal], [DebajoNormal], [Notificado], [Activo], [FechaRegistro], [FechaModificacion], [FechaEliminacion], [UsuarioRegistro], [UsuarioModificacion], [UsuarioEliminacion]) VALUES (268, N'W4F3O3F83HOI33', NULL, 26.210288062184251, N'C', 0, 0, 0, 0, 0, 1, CAST(N'2020-02-05T00:00:00.000' AS DateTime), NULL, NULL, N'System', NULL, NULL)
GO
INSERT [MON].[DataSensores] ([IdDataSensor], [SerieSensor], [TipoSensor], [Medida], [UnidadMedida], [Chequeado], [Error], [EncimaNormal], [DebajoNormal], [Notificado], [Activo], [FechaRegistro], [FechaModificacion], [FechaEliminacion], [UsuarioRegistro], [UsuarioModificacion], [UsuarioEliminacion]) VALUES (269, N'W4F3O3F83HOI33', NULL, 30.225161597563492, N'C', 0, 0, 0, 0, 0, 1, CAST(N'2020-04-06T00:00:00.000' AS DateTime), NULL, NULL, N'System', NULL, NULL)
GO
INSERT [MON].[DataSensores] ([IdDataSensor], [SerieSensor], [TipoSensor], [Medida], [UnidadMedida], [Chequeado], [Error], [EncimaNormal], [DebajoNormal], [Notificado], [Activo], [FechaRegistro], [FechaModificacion], [FechaEliminacion], [UsuarioRegistro], [UsuarioModificacion], [UsuarioEliminacion]) VALUES (270, N'HAU3R7J3IDF72K3', NULL, 3.6407838044412357, N'C', 0, 0, 0, 0, 0, 1, CAST(N'2019-02-24T00:00:00.000' AS DateTime), NULL, NULL, N'System', NULL, NULL)
GO
INSERT [MON].[DataSensores] ([IdDataSensor], [SerieSensor], [TipoSensor], [Medida], [UnidadMedida], [Chequeado], [Error], [EncimaNormal], [DebajoNormal], [Notificado], [Activo], [FechaRegistro], [FechaModificacion], [FechaEliminacion], [UsuarioRegistro], [UsuarioModificacion], [UsuarioEliminacion]) VALUES (271, N'HAU3R7J3IDF72K3', NULL, 4.2947180339110629, N'C', 0, 0, 0, 0, 0, 1, CAST(N'2019-03-06T00:00:00.000' AS DateTime), NULL, NULL, N'System', NULL, NULL)
GO
INSERT [MON].[DataSensores] ([IdDataSensor], [SerieSensor], [TipoSensor], [Medida], [UnidadMedida], [Chequeado], [Error], [EncimaNormal], [DebajoNormal], [Notificado], [Activo], [FechaRegistro], [FechaModificacion], [FechaEliminacion], [UsuarioRegistro], [UsuarioModificacion], [UsuarioEliminacion]) VALUES (272, N'HAU3R7J3IDF72K3', NULL, 6.32999054763, N'C', 0, 0, 0, 0, 0, 1, CAST(N'2019-04-06T00:00:00.000' AS DateTime), NULL, NULL, N'System', NULL, NULL)
GO
INSERT [MON].[DataSensores] ([IdDataSensor], [SerieSensor], [TipoSensor], [Medida], [UnidadMedida], [Chequeado], [Error], [EncimaNormal], [DebajoNormal], [Notificado], [Activo], [FechaRegistro], [FechaModificacion], [FechaEliminacion], [UsuarioRegistro], [UsuarioModificacion], [UsuarioEliminacion]) VALUES (273, N'AD23D28UDI22FED', NULL, 16.278661632993565, N'C', 0, 0, 0, 0, 0, 1, CAST(N'2019-09-05T00:00:00.000' AS DateTime), NULL, NULL, N'System', NULL, NULL)
GO
INSERT [MON].[DataSensores] ([IdDataSensor], [SerieSensor], [TipoSensor], [Medida], [UnidadMedida], [Chequeado], [Error], [EncimaNormal], [DebajoNormal], [Notificado], [Activo], [FechaRegistro], [FechaModificacion], [FechaEliminacion], [UsuarioRegistro], [UsuarioModificacion], [UsuarioEliminacion]) VALUES (274, N'WIEFW74JF3U3JK3', NULL, 15.042803491345978, N'C', 0, 0, 0, 0, 0, 1, CAST(N'2019-08-17T00:00:00.000' AS DateTime), NULL, NULL, N'System', NULL, NULL)
GO
INSERT [MON].[DataSensores] ([IdDataSensor], [SerieSensor], [TipoSensor], [Medida], [UnidadMedida], [Chequeado], [Error], [EncimaNormal], [DebajoNormal], [Notificado], [Activo], [FechaRegistro], [FechaModificacion], [FechaEliminacion], [UsuarioRegistro], [UsuarioModificacion], [UsuarioEliminacion]) VALUES (275, N'W4F3O3F83HOI33', NULL, 28.973624293540428, N'C', 0, 0, 0, 0, 0, 1, CAST(N'2020-03-18T00:00:00.000' AS DateTime), NULL, NULL, N'System', NULL, NULL)
GO
INSERT [MON].[DataSensores] ([IdDataSensor], [SerieSensor], [TipoSensor], [Medida], [UnidadMedida], [Chequeado], [Error], [EncimaNormal], [DebajoNormal], [Notificado], [Activo], [FechaRegistro], [FechaModificacion], [FechaEliminacion], [UsuarioRegistro], [UsuarioModificacion], [UsuarioEliminacion]) VALUES (276, N'WIEFW74JF3U3JK3', NULL, 12.228530169151968, N'C', 0, 0, 0, 0, 0, 1, CAST(N'2019-07-05T00:00:00.000' AS DateTime), NULL, NULL, N'System', NULL, NULL)
GO
INSERT [MON].[DataSensores] ([IdDataSensor], [SerieSensor], [TipoSensor], [Medida], [UnidadMedida], [Chequeado], [Error], [EncimaNormal], [DebajoNormal], [Notificado], [Activo], [FechaRegistro], [FechaModificacion], [FechaEliminacion], [UsuarioRegistro], [UsuarioModificacion], [UsuarioEliminacion]) VALUES (277, N'W4F3O3F83HOI33', NULL, 29.530089542190584, N'C', 0, 0, 0, 0, 0, 1, CAST(N'2020-03-27T00:00:00.000' AS DateTime), NULL, NULL, N'System', NULL, NULL)
GO
INSERT [MON].[DataSensores] ([IdDataSensor], [SerieSensor], [TipoSensor], [Medida], [UnidadMedida], [Chequeado], [Error], [EncimaNormal], [DebajoNormal], [Notificado], [Activo], [FechaRegistro], [FechaModificacion], [FechaEliminacion], [UsuarioRegistro], [UsuarioModificacion], [UsuarioEliminacion]) VALUES (278, N'AD23D28UDI22FED', NULL, 15.820533637758592, N'C', 0, 0, 0, 0, 0, 1, CAST(N'2019-08-29T00:00:00.000' AS DateTime), NULL, NULL, N'System', NULL, NULL)
GO
INSERT [MON].[DataSensores] ([IdDataSensor], [SerieSensor], [TipoSensor], [Medida], [UnidadMedida], [Chequeado], [Error], [EncimaNormal], [DebajoNormal], [Notificado], [Activo], [FechaRegistro], [FechaModificacion], [FechaEliminacion], [UsuarioRegistro], [UsuarioModificacion], [UsuarioEliminacion]) VALUES (279, N'AD23D28UDI22FED', NULL, 15.846651992828889, N'C', 0, 0, 0, 0, 0, 1, CAST(N'2019-08-30T00:00:00.000' AS DateTime), NULL, NULL, N'System', NULL, NULL)
GO
INSERT [MON].[DataSensores] ([IdDataSensor], [SerieSensor], [TipoSensor], [Medida], [UnidadMedida], [Chequeado], [Error], [EncimaNormal], [DebajoNormal], [Notificado], [Activo], [FechaRegistro], [FechaModificacion], [FechaEliminacion], [UsuarioRegistro], [UsuarioModificacion], [UsuarioEliminacion]) VALUES (280, N'WIEFW74JF3U3JK3', NULL, 11.3705405062393, N'C', 0, 0, 0, 0, 0, 1, CAST(N'2019-06-22T00:00:00.000' AS DateTime), NULL, NULL, N'System', NULL, NULL)
GO
INSERT [MON].[DataSensores] ([IdDataSensor], [SerieSensor], [TipoSensor], [Medida], [UnidadMedida], [Chequeado], [Error], [EncimaNormal], [DebajoNormal], [Notificado], [Activo], [FechaRegistro], [FechaModificacion], [FechaEliminacion], [UsuarioRegistro], [UsuarioModificacion], [UsuarioEliminacion]) VALUES (281, N'AD23D28UDI22FED', NULL, 17.344167227132324, N'C', 0, 0, 0, 0, 0, 1, CAST(N'2019-09-22T00:00:00.000' AS DateTime), NULL, NULL, N'System', NULL, NULL)
GO
INSERT [MON].[DataSensores] ([IdDataSensor], [SerieSensor], [TipoSensor], [Medida], [UnidadMedida], [Chequeado], [Error], [EncimaNormal], [DebajoNormal], [Notificado], [Activo], [FechaRegistro], [FechaModificacion], [FechaEliminacion], [UsuarioRegistro], [UsuarioModificacion], [UsuarioEliminacion]) VALUES (282, N'W4F3O3F83HOI33', NULL, 27.68612998537073, N'C', 0, 0, 0, 0, 0, 1, CAST(N'2020-02-27T00:00:00.000' AS DateTime), NULL, NULL, N'System', NULL, NULL)
GO
INSERT [MON].[DataSensores] ([IdDataSensor], [SerieSensor], [TipoSensor], [Medida], [UnidadMedida], [Chequeado], [Error], [EncimaNormal], [DebajoNormal], [Notificado], [Activo], [FechaRegistro], [FechaModificacion], [FechaEliminacion], [UsuarioRegistro], [UsuarioModificacion], [UsuarioEliminacion]) VALUES (283, N'WIEFW74JF3U3JK3', NULL, 15.409544946118045, N'C', 0, 0, 0, 0, 0, 1, CAST(N'2019-08-23T00:00:00.000' AS DateTime), NULL, NULL, N'System', NULL, NULL)
GO
INSERT [MON].[DataSensores] ([IdDataSensor], [SerieSensor], [TipoSensor], [Medida], [UnidadMedida], [Chequeado], [Error], [EncimaNormal], [DebajoNormal], [Notificado], [Activo], [FechaRegistro], [FechaModificacion], [FechaEliminacion], [UsuarioRegistro], [UsuarioModificacion], [UsuarioEliminacion]) VALUES (284, N'AD23D28UDI22FED', NULL, 20.298988208267367, N'C', 0, 0, 0, 0, 0, 1, CAST(N'2019-11-06T00:00:00.000' AS DateTime), NULL, NULL, N'System', NULL, NULL)
GO
INSERT [MON].[DataSensores] ([IdDataSensor], [SerieSensor], [TipoSensor], [Medida], [UnidadMedida], [Chequeado], [Error], [EncimaNormal], [DebajoNormal], [Notificado], [Activo], [FechaRegistro], [FechaModificacion], [FechaEliminacion], [UsuarioRegistro], [UsuarioModificacion], [UsuarioEliminacion]) VALUES (285, N'HAU3R7J3IDF72K3', NULL, 5.523563776083086, N'C', 0, 0, 0, 0, 0, 1, CAST(N'2019-03-25T00:00:00.000' AS DateTime), NULL, NULL, N'System', NULL, NULL)
GO
INSERT [MON].[DataSensores] ([IdDataSensor], [SerieSensor], [TipoSensor], [Medida], [UnidadMedida], [Chequeado], [Error], [EncimaNormal], [DebajoNormal], [Notificado], [Activo], [FechaRegistro], [FechaModificacion], [FechaEliminacion], [UsuarioRegistro], [UsuarioModificacion], [UsuarioEliminacion]) VALUES (286, N'AD23D28UDI22FED', NULL, 22.827843336913659, N'C', 0, 0, 0, 0, 0, 1, CAST(N'2019-12-15T00:00:00.000' AS DateTime), NULL, NULL, N'System', NULL, NULL)
GO
INSERT [MON].[DataSensores] ([IdDataSensor], [SerieSensor], [TipoSensor], [Medida], [UnidadMedida], [Chequeado], [Error], [EncimaNormal], [DebajoNormal], [Notificado], [Activo], [FechaRegistro], [FechaModificacion], [FechaEliminacion], [UsuarioRegistro], [UsuarioModificacion], [UsuarioEliminacion]) VALUES (287, N'WIEFW74JF3U3JK3', NULL, 10.211332796379612, N'C', 0, 0, 0, 0, 0, 1, CAST(N'2019-06-04T00:00:00.000' AS DateTime), NULL, NULL, N'System', NULL, NULL)
GO
INSERT [MON].[DataSensores] ([IdDataSensor], [SerieSensor], [TipoSensor], [Medida], [UnidadMedida], [Chequeado], [Error], [EncimaNormal], [DebajoNormal], [Notificado], [Activo], [FechaRegistro], [FechaModificacion], [FechaEliminacion], [UsuarioRegistro], [UsuarioModificacion], [UsuarioEliminacion]) VALUES (288, N'W4F3O3F83HOI33', NULL, 29.309897324447473, N'C', 0, 0, 0, 0, 0, 1, CAST(N'2020-03-23T00:00:00.000' AS DateTime), NULL, NULL, N'System', NULL, NULL)
GO
INSERT [MON].[DataSensores] ([IdDataSensor], [SerieSensor], [TipoSensor], [Medida], [UnidadMedida], [Chequeado], [Error], [EncimaNormal], [DebajoNormal], [Notificado], [Activo], [FechaRegistro], [FechaModificacion], [FechaEliminacion], [UsuarioRegistro], [UsuarioModificacion], [UsuarioEliminacion]) VALUES (289, N'WIEFW74JF3U3JK3', NULL, 9.1638729556761085, N'C', 0, 0, 0, 0, 0, 1, CAST(N'2019-05-19T00:00:00.000' AS DateTime), NULL, NULL, N'System', NULL, NULL)
GO
INSERT [MON].[DataSensores] ([IdDataSensor], [SerieSensor], [TipoSensor], [Medida], [UnidadMedida], [Chequeado], [Error], [EncimaNormal], [DebajoNormal], [Notificado], [Activo], [FechaRegistro], [FechaModificacion], [FechaEliminacion], [UsuarioRegistro], [UsuarioModificacion], [UsuarioEliminacion]) VALUES (290, N'WIEFW74JF3U3JK3', NULL, 8.5751089388854371, N'C', 0, 0, 0, 0, 0, 1, CAST(N'2019-05-10T00:00:00.000' AS DateTime), NULL, NULL, N'System', NULL, NULL)
GO
INSERT [MON].[DataSensores] ([IdDataSensor], [SerieSensor], [TipoSensor], [Medida], [UnidadMedida], [Chequeado], [Error], [EncimaNormal], [DebajoNormal], [Notificado], [Activo], [FechaRegistro], [FechaModificacion], [FechaEliminacion], [UsuarioRegistro], [UsuarioModificacion], [UsuarioEliminacion]) VALUES (291, N'HAU3R7J3IDF72K3', NULL, 3.8406180782898409, N'C', 0, 0, 0, 0, 0, 1, CAST(N'2019-02-27T00:00:00.000' AS DateTime), NULL, NULL, N'System', NULL, NULL)
GO
INSERT [MON].[DataSensores] ([IdDataSensor], [SerieSensor], [TipoSensor], [Medida], [UnidadMedida], [Chequeado], [Error], [EncimaNormal], [DebajoNormal], [Notificado], [Activo], [FechaRegistro], [FechaModificacion], [FechaEliminacion], [UsuarioRegistro], [UsuarioModificacion], [UsuarioEliminacion]) VALUES (292, N'HAU3R7J3IDF72K3', NULL, 7.0228704438185634, N'C', 0, 0, 0, 0, 0, 1, CAST(N'2019-04-17T00:00:00.000' AS DateTime), NULL, NULL, N'System', NULL, NULL)
GO
INSERT [MON].[DataSensores] ([IdDataSensor], [SerieSensor], [TipoSensor], [Medida], [UnidadMedida], [Chequeado], [Error], [EncimaNormal], [DebajoNormal], [Notificado], [Activo], [FechaRegistro], [FechaModificacion], [FechaEliminacion], [UsuarioRegistro], [UsuarioModificacion], [UsuarioEliminacion]) VALUES (293, N'HAU3R7J3IDF72K3', NULL, 4.0160868782159334, N'C', 0, 0, 0, 0, 0, 1, CAST(N'2019-03-02T00:00:00.000' AS DateTime), NULL, NULL, N'System', NULL, NULL)
GO
INSERT [MON].[DataSensores] ([IdDataSensor], [SerieSensor], [TipoSensor], [Medida], [UnidadMedida], [Chequeado], [Error], [EncimaNormal], [DebajoNormal], [Notificado], [Activo], [FechaRegistro], [FechaModificacion], [FechaEliminacion], [UsuarioRegistro], [UsuarioModificacion], [UsuarioEliminacion]) VALUES (294, N'WIEFW74JF3U3JK3', NULL, 11.273788787226092, N'C', 0, 0, 0, 0, 0, 1, CAST(N'2019-06-21T00:00:00.000' AS DateTime), NULL, NULL, N'System', NULL, NULL)
GO
INSERT [MON].[DataSensores] ([IdDataSensor], [SerieSensor], [TipoSensor], [Medida], [UnidadMedida], [Chequeado], [Error], [EncimaNormal], [DebajoNormal], [Notificado], [Activo], [FechaRegistro], [FechaModificacion], [FechaEliminacion], [UsuarioRegistro], [UsuarioModificacion], [UsuarioEliminacion]) VALUES (295, N'AD23D28UDI22FED', NULL, 19.753486423219314, N'C', 0, 0, 0, 0, 0, 1, CAST(N'2019-10-29T00:00:00.000' AS DateTime), NULL, NULL, N'System', NULL, NULL)
GO
INSERT [MON].[DataSensores] ([IdDataSensor], [SerieSensor], [TipoSensor], [Medida], [UnidadMedida], [Chequeado], [Error], [EncimaNormal], [DebajoNormal], [Notificado], [Activo], [FechaRegistro], [FechaModificacion], [FechaEliminacion], [UsuarioRegistro], [UsuarioModificacion], [UsuarioEliminacion]) VALUES (296, N'AD23D28UDI22FED', NULL, 22.512800567044316, N'C', 0, 0, 0, 0, 0, 1, CAST(N'2019-12-10T00:00:00.000' AS DateTime), NULL, NULL, N'System', NULL, NULL)
GO
INSERT [MON].[DataSensores] ([IdDataSensor], [SerieSensor], [TipoSensor], [Medida], [UnidadMedida], [Chequeado], [Error], [EncimaNormal], [DebajoNormal], [Notificado], [Activo], [FechaRegistro], [FechaModificacion], [FechaEliminacion], [UsuarioRegistro], [UsuarioModificacion], [UsuarioEliminacion]) VALUES (297, N'WIEFW74JF3U3JK3', NULL, 10.316248090665901, N'C', 0, 0, 0, 0, 0, 1, CAST(N'2019-06-06T00:00:00.000' AS DateTime), NULL, NULL, N'System', NULL, NULL)
GO
INSERT [MON].[DataSensores] ([IdDataSensor], [SerieSensor], [TipoSensor], [Medida], [UnidadMedida], [Chequeado], [Error], [EncimaNormal], [DebajoNormal], [Notificado], [Activo], [FechaRegistro], [FechaModificacion], [FechaEliminacion], [UsuarioRegistro], [UsuarioModificacion], [UsuarioEliminacion]) VALUES (298, N'AD23D28UDI22FED', NULL, 20.382660964449244, N'C', 0, 0, 0, 0, 0, 1, CAST(N'2019-11-07T00:00:00.000' AS DateTime), NULL, NULL, N'System', NULL, NULL)
GO
INSERT [MON].[DataSensores] ([IdDataSensor], [SerieSensor], [TipoSensor], [Medida], [UnidadMedida], [Chequeado], [Error], [EncimaNormal], [DebajoNormal], [Notificado], [Activo], [FechaRegistro], [FechaModificacion], [FechaEliminacion], [UsuarioRegistro], [UsuarioModificacion], [UsuarioEliminacion]) VALUES (299, N'AD23D28UDI22FED', NULL, 21.911629226157267, N'C', 0, 0, 0, 0, 0, 1, CAST(N'2019-12-01T00:00:00.000' AS DateTime), NULL, NULL, N'System', NULL, NULL)
GO
INSERT [MON].[DataSensores] ([IdDataSensor], [SerieSensor], [TipoSensor], [Medida], [UnidadMedida], [Chequeado], [Error], [EncimaNormal], [DebajoNormal], [Notificado], [Activo], [FechaRegistro], [FechaModificacion], [FechaEliminacion], [UsuarioRegistro], [UsuarioModificacion], [UsuarioEliminacion]) VALUES (300, N'HAU3R7J3IDF72K3', NULL, 4.4254651084195187, N'C', 0, 0, 0, 0, 0, 1, CAST(N'2019-03-08T00:00:00.000' AS DateTime), NULL, NULL, N'System', NULL, NULL)
GO
SET IDENTITY_INSERT [MON].[DataSensores] OFF
GO
SET IDENTITY_INSERT [MON].[Servicio] ON 
GO
INSERT [MON].[Servicio] ([IdServicio], [EstadoServicio], [Activo], [FechaRegistro], [FechaModificacion], [FechaEliminacion], [UsuarioRegistro], [UsuarioModificacion], [UsuarioEliminacion]) VALUES (1, 1, 1, CAST(N'2020-04-17T13:30:12.767' AS DateTime), NULL, NULL, N'System', NULL, NULL)
GO
SET IDENTITY_INSERT [MON].[Servicio] OFF
GO
